19910108,0,0,25503,0,0,0,0,0,0,0,0,0,0,0,821,2,0,0,1911,55,46,0.2,17,78,0.75,20,13.1,1700,50.5,36.4,0,0,2.5,1,34,40,105,100,0
19910109,1,0,25503,0,0,0,0,0,0,0,0,0,0,0,821,2,0,0,1911,55,46,0.3,15,80,0.75,20,6.6,1900,54.9,38.5,0,0,2.5,0.7,34,40,105,100,1
19910104,2,1,47201,0,0,0,0,0,0,1,0,0,0,1,815,9,1,0,1911,62,40,0.433,16,80,0.75,30,6.5,1850,53.8,39.8,0,0,2.8,0.9,40,40,103.87,100,1
19910104,3,2,39039,0,0,0,0,0,0,0,0,0,0,1,816,9,1,0,1910,52,40,0.3,16,75,0.3125,30,5.6,1467,55.6,38.8,0,0,2.5,1.3,40,40,108.06,100,1
19910111,4,3,37351,1,0,0,0,0,0,1,0,0,0,1,816,2,0,0,1910,50,46,0.3,17,80,0.75,30,0,2100,57.5,42.5,5,0,2.3,0.6,35,40,106.67,100,1
19910104,5,2,38039,0,0,0,0,0,0,0,0,0,0,1,816,2,1,0,1910,50,40,0.267,16.8,76,0.4375,28,8.6,1467,53.8,37.6,5,0,2.5,0.8,40,40,103.87,100,1
19910111,6,4,35751,1,0,0,0,0,1,1,0,0,0,0,827,2,0,1,1911,50,46,0.3,16.5,75,0.75,30,0,2600,62.5,37.5,6,0,2.5,0.6,30,40,106.67,100,1
19910111,7,4,35751,1,0,0,0,0,1,1,0,0,0,0,827,9,0,2,1911,50,46,0.2,16.5,75,0.75,28,0,2600,62.5,37.5,6,0,2.5,1.1,30,40,106.67,100,1
19910112,8,1,47201,0,0,0,0,0,0,0,0,1,0,2,802,7,1,0,1910,50,45,0.367,12,70,0.75,60,0,1650,60.2,39.8,1.5,0,3,1,40,40,103.22,100,0
19910114,9,5,37000,0,0,0,0,0,0,0,0,0,0,1,815,2,1,0,1911,65,43,0.333,16,75,1,32,22.7,1750,45.5,31.8,0,0,3,1,38,40,106.66,100,1
19910114,10,5,37000,0,0,0,0,0,0,0,0,0,0,1,815,9,1,0,1910,65,43,0.2,16,68,0.75,30,15.5,1750,48.5,35.9,0,0,3,1,38,40,106.6,100,1
19910111,11,6,35539,0,0,0,0,0,0,0,0,0,0,0,821,2,0,0,1911,50,50,0.367,14,80,0.75,40,10.5,1700,52.6,36.8,0,0,2.5,1,38,40,105,100,0
19910117,12,7,35539,0,0,0,0,0,0,0,0,0,0,0,821,7,0,0,1911,50,50,0.3,15,70,1,30,10,1600,50,40,0,0,2.8,1,38,40,106.66,100,0
19910125,13,8,23052,0,0,0,0,0,0,0,0,0,0,0,821,7,0,0,1911,40,45,0.3,14.5,70,0.625,25,0,1500,59.5,40.5,0,0,2,1,40,40,100,100,0
19910117,14,7,35539,0,0,0,0,0,0,0,0,0,0,0,821,2,0,0,1911,50,43,0.267,16,75,1,20,15.8,1600,49.5,34.7,0,0,2.5,1,38,40,103.22,100,1
19910103,15,1,47201,0,0,0,0,0,1,1,0,0,1,3,813,9,1,0,1911,55,45,0.233,15,87,1,20,0,1400,62.5,37.5,0,0,2.5,1,40,40,103.22,100,0
19910129,16,9,38064,1,0,0,0,0,1,1,0,0,1,3,813,5,1,1,1911,30,45,0.2,14,65,0.75,20,0,1600,62.5,37.5,0,0,2.5,0.8,33,40,100,100,1
19910129,17,9,38064,1,0,0,0,0,1,1,0,0,1,3,813,1,1,1,1911,30,45,0.2,15.5,65,0.75,20,5.9,1600,58.8,35.3,0,0,2.5,1.8,33,40,100,100,1
19910123,18,10,35521,0,0,0,0,0,0,0,0,0,0,3,813,5,1,1,1910,60,38,0.267,16.4,64,0.75,20,11,1400,54.9,34.1,0,0,2.5,1,32,40,103.22,100,1
19910123,19,10,35521,0,0,0,0,0,0,0,0,0,0,3,813,1,1,1,1911,60,38,0.333,16.5,66,0.75,20,6.7,1400,56.2,37.1,0,0,1.1,1.4,32,40,103.22,100,1
19910130,20,11,37571,1,0,0,0,0,1,1,0,2,1,0,824,2,0,1,1911,50,45,0.233,16,70,0.8125,30,0,2400,58.8,41.2,0,0,1.7,1,30,40,107.4,100,1
19910130,21,11,35751,1,0,0,0,0,1,1,0,2,0,0,824,9,0,1,1911,40,45,0.2,15,76,0.8125,30,0,2400,62.5,37.5,0,0,1,1,30,40,107.4,100,1
19910117,22,12,37340,1,0,0,0,0,1,1,0,0,0,0,824,2,0,1,1911,30,43,0.2,16.3,70,0.8125,25,1.2,2200,58.1,40.7,4,0,2,1,30,40,96.875,100,1
19910127,23,13,35816,1,0,0,0,0,1,1,0,0,0,0,827,2,2,1,1911,40,41,0.2,15.8,72,1,30,0,2000,62.5,37.5,0,0,2.5,1,30,40,107.4,100,0
19910131,24,3,37352,1,0,0,0,0,1,1,0,0,0,0,827,9,0,3,1911,40,42,0.2,14.5,74,1,25,8,2100,57.5,34.5,0,0,2.3,0.7,35,40,107.4,100,0
19910201,25,3,37352,1,0,0,0,0,1,1,0,0,0,0,827,9,0,3,1911,45,42,0.2,14,70,1,20,8,1850,57.5,34.5,0,0,2,0.7,35,40,107.4,100,0
19910130,26,3,37352,1,0,0,0,0,0,1,0,0,0,0,827,9,0,3,1911,50,45,0.3,15,76,1,30,8,2150,57.5,34.5,0,0,2.5,1,35,40,107.4,100,1
19910130,27,3,37352,1,0,0,0,0,0,1,0,0,0,0,827,2,0,3,1911,50,45,0.3,15.2,72,1,25,5.9,2150,58.8,35.3,0,0,2.5,1,35,40,107.4,100,1
19910201,28,14,37080,1,0,0,0,0,1,1,0,0,1,0,828,2,0,1,1911,35,42,0.2,15,75,0.75,30,0,2100,58.8,41.2,0,0,2,0.8,30,40,107.4,100,0
19910118,29,15,37157,1,0,0,0,0,1,1,0,0,1,0,828,2,0,1,1910,30,45,0.233,17,70,0.75,35,0,2200,58.8,41.2,0,0,2.5,1,33,40,106.45,100,0
19910206,30,3,37352,1,0,0,0,0,0,1,0,0,0,1,815,2,0,0,1911,37.5,44,0.2,16,90,0.75,28,20,2050,45,35,0,0,2.4,0.8,35,40,107.4,100,1
19910206,31,3,37352,1,0,0,0,0,0,1,0,0,0,1,815,9,0,0,1911,37.5,44,0.2,16.5,91,0.75,30,21.7,2050,43.5,34.8,0,0,2.7,0.8,35,40,107.4,100,1
19910206,32,0,25507,0,0,0,0,0,0,0,0,0,0,0,821,2,0,0,1911,45,44,0.267,14.1,78,0.625,22,7.6,1510,54.3,38,0,0,2.5,0.7,34,40,114.28,100,1
19910206,33,0,25507,0,0,0,0,0,0,0,0,0,0,0,821,7,0,0,1910,40,44,0.2,14,69,0.625,20,8.5,1510,53.2,38.3,2,0,2.5,0.9,34,40,110,100,1
19910208,34,16,37080,1,0,0,0,0,1,1,0,0,1,0,828,2,0,0,1911,40,47,0.333,17,78,0.75,35,0,2400,58.8,41.2,4,0,2.5,1,30,40,100,100,0
19910211,35,17,27490,1,0,0,0,0,1,1,0,0,0,3,813,1,1,0,1911,30,42,0.2,15.4,64,0.875,20,0,1425,63,37,0,0,1,1.3,34,40,107.4,100,1
19910215,36,13,35811,1,0,0,0,0,1,1,0,0,0,1,815,2,2,1,1910,45,38,0.2,15,80,0.625,30,7,1600,58.1,34.9,0,0,2.5,1.5,30,40,103.22,100,0
19910113,37,18,35334,0,0,0,0,0,0,0,0,0,0,1,816,2,0,0,1911,40,43,0.267,16,96,1,28,0,1500,58.8,41.2,2,0,3,0.8,40,40,103.12,100,1
19910213,38,18,35334,0,0,0,0,0,0,0,0,0,0,1,816,9,0,0,1911,32.5,43,0.2,15,82,1,31,7.6,1500,54.3,38,4,0,2.5,1,40,40,103.12,100,1
19910212,39,19,37869,1,0,0,0,0,0,1,0,0,0,1,815,9,1,0,1911,37.5,44,0.3,15,85,0.75,34,0,1400,62.5,37.5,0,0,2.8,1,28,40,103.12,100,1
19910212,40,19,37869,1,0,0,0,0,0,1,0,0,0,1,815,2,1,0,1910,35,44,0.3,16,80,1,32,7,1400,58.1,34.9,0,0,3,1,28,40,103.12,100,1
19910211,35,17,27490,1,0,0,0,0,1,1,0,0,0,3,813,1,1,0,1911,30,42,0.2,15.4,64,0.875,20,0,1425,61.7,38.3,0,0,1,1.3,34,40,107.4,100,1
19910214,41,4,35752,1,0,0,0,0,1,1,0,0,0,0,824,9,0,1,1910,50,43,0.2,16,82,0.875,30,0,2270,55.6,44.4,12,0,2,1,30,40,103.22,100,1
19910214,42,4,35752,1,0,0,0,0,1,1,0,0,0,0,824,2,0,1,1910,50,43,0.3,16.3,80,0.8125,30,0,2270,55.6,44.4,12,0,1.5,1.5,30,40,103.22,100,1
19910214,43,20,35794,1,0,0,0,0,0,1,0,0,0,0,827,2,0,0,1911,60,43,0.267,15.8,57,0.75,24,1.2,1480,58.1,40.7,0,0,1.4,1.7,33,40,103.12,100,1
19910214,44,20,35794,1,0,0,0,0,0,1,0,0,0,0,827,9,0,0,1911,52.5,43,0.233,16.6,58,0.75,20,7.9,1480,56.2,36,0,0,1.7,0.7,33,40,103.12,100,1
19910213,42,4,35752,1,0,0,0,0,1,1,0,0,0,0,824,2,0,0,1910,50,43,0.3,17,87,0.8125,35,0,2300,58.8,41.2,0,0,1.3,0.7,30,40,103.22,100,1
19910215,45,21,37441,1,0,0,0,0,1,1,0,0,0,0,821,2,0,1,1911,25,38,0.2,13,75,0.625,25,0,1600,57.5,42.5,0,0,2.5,0.85,30,40,103.12,100,1
19910215,46,21,37441,1,0,0,0,0,1,1,0,0,0,0,821,7,0,1,1911,25,38,0.233,14,70,0.625,25,0,1600,58.8,41.2,5,0,1.7,0.9,30,40,103.12,100,1
19910221,47,3,37354,1,0,0,0,0,0,0,0,0,0,1,816,9,0,3,1911,40,46,0.333,15.9,78,0.5,34,2.4,2000,61,36.6,0,0,2.4,1.3,35,40,103.22,100,1
19910223,48,22,35335,0,0,0,0,0,0,0,0,0,0,0,827,2,0,0,1911,45,41,0.333,17,78,0.75,16,14.1,1100,50.5,35.4,0,0,2.5,1,50,40,96.97,100,0
19910223,49,22,37335,0,0,0,0,0,0,0,0,0,0,0,827,2,0,0,1911,47.5,41,0.233,16.5,72,0.75,20,14.1,1300,50.5,35.4,4,0,2.5,1,50,40,96.97,100,0
19910220,50,23,35870,1,0,1,0,0,1,1,0,0,1,0,824,2,0,1,1910,40,46,0.2,15,68,0.75,28,0,1700,58.8,41.2,0,0,1,1,33,40,103.22,100,1
19910220,51,23,35870,1,0,1,0,0,1,1,0,0,1,0,824,9,0,1,1911,40,46,0.267,16.5,68,0.875,25,0,1700,58.8,41.2,0,0,1,1,33,40,103.125,100,1
19910216,52,13,35811,1,0,0,0,0,1,1,0,0,0,1,815,9,2,1,1911,40,35,0.233,18,85,0.625,30,0,2000,62.5,37.5,0,0,2.5,0.9,30,40,103.125,100,1
19910213,41,4,35752,1,0,0,0,0,1,1,0,0,0,0,824,9,0,1,1910,50,43,0.2,17,84,0.75,35,0,2300,55.6,44.4,0,0,2,0.8,30,40,103.22,100,1
19910215,53,19,37869,1,0,0,0,0,0,1,0,0,0,2,802,7,1,0,1911,35,38,0.4,12,62,0.75,46,4.7,1400,58.8,36.5,0,0,2,1,28,40,103.125,100,1
19910215,54,19,37869,1,0,0,0,0,0,1,0,0,0,2,802,2,1,0,1911,35,38,0.433,16,70,0.75,50,0,1400,62.5,37.5,0,0,2.8,1.5,28,40,103.125,100,1
19910220,55,0,25509,0,0,0,0,0,0,0,0,0,0,0,821,7,0,0,1911,50,46,0.2,14.6,60,0.625,25,10.5,1750,52.6,36.8,2,0,2.4,0.8,28,40,96.97,100,0
19910304,56,3,37386,0,0,0,0,0,0,0,0,0,0,0,827,2,0,4,1910,40,47,0.333,24.5,78,0.875,30,8.8,2100,54.9,36.3,16,0,2.3,1,40,40,100,100,0
19910303,24,3,37386,0,0,0,0,0,0,0,0,0,1,0,827,9,0,4,1911,40,47,0.35,14.43,76,0.75,16,7.2,2000,51.5,41.2,1,0,2.7,1.4,40,40,100,100,0
19910301,57,3,37386,0,0,0,0,0,0,0,0,0,0,0,827,2,0,4,1910,40,39,0.233,15,77,0.75,20,9.4,2000,52.1,38.5,0,0,2.5,1,40,40,103.22,100,1
19910301,58,3,37386,0,0,0,0,0,0,0,0,0,0,0,827,9,0,4,1910,40,39,0.2,15,79,0.75,20,11.8,2000,49,39.2,0,0,2.5,1,40,40,103.22,100,1
19910309,59,3,37386,0,0,0,0,0,0,0,0,0,0,0,827,2,0,4,1911,55,43,0.267,14.2,68,0.75,18,0,2000,62.5,37.5,0,0,2.5,1.2,40,40,106.45,100,0
19910306,60,3,37386,0,0,0,0,0,0,0,0,0,0,0,827,2,0,4,1910,55,48,0.233,14,80,0.75,30,0,2000,62.5,37.5,0,0,2.5,1,40,40,109.67,100,0
19910311,59,3,27386,0,0,0,0,0,0,0,0,0,1,0,827,2,0,4,1911,55,40,0.267,16.4,72,1,26,0,2000,62.5,37.5,0,0,2.5,1,40,40,106.45,100,0
19910311,61,3,37386,0,0,0,0,0,0,0,0,0,0,0,824,9,0,4,1911,40,40,0.35,18.5,85,0.5625,30,0,1900,62.5,37.5,4,0,1.8,1.4,40,40,106.45,100,0
19910227,62,3,37254,1,0,0,0,0,0,1,0,0,0,0,821,7,0,0,1911,42.5,41,0.3,14,70,0.625,20,2.3,1750,57.5,40,4,0,2.5,0.7,35,40,96.97,100,1
19910302,63,24,35457,1,0,0,0,0,1,1,0,0,0,0,828,9,0,1,1910,35,39,0.2,16.2,84,1,30,0,2100,62.5,37.5,4,0,2,0.9,30,40,94.117,100,1
19910307,64,1,47202,1,0,0,0,0,1,0,0,0,0,3,813,9,1,0,1910,35,45,0.3,14.1,65,1,20,0,1500,59.5,40.5,0,0,2.6,1,40,40,109.67,100,1
19910308,65,1,47202,1,0,0,0,0,0,0,0,1,0,2,802,2,1,0,1910,50,43,0.333,14.02,68,0.75,56,7.4,1800,53.2,39.4,0,0.5,3,1.3,40,40,109.67,100,1
19910307,66,1,47202,1,0,0,0,0,0,0,0,0,0,1,816,2,1,0,1910,67.5,45,0.2,15.5,80,0.5,34,16.3,1683,43.5,40.2,6,0,2.5,1,40,40,109.67,100,1
19910310,67,15,37163,1,0,0,0,0,1,1,0,0,0,0,821,2,0,1,1910,55,37,0.267,16,75,0.625,20,5.6,1850,55.6,38.9,0,0,0.8,0.75,33,40,109.67,100,1
19910227,68,3,37354,1,0,0,0,0,0,1,0,0,0,0,821,2,0,0,1911,42.5,41,0.2,14,80,0.625,20,7.4,1750,53.2,39.4,0,0,2.1,0.9,35,40,96.97,100,1
19910307,69,1,47202,0,0,0,0,0,0,0,0,0,0,3,813,1,1,0,1910,52.5,45,0.2,15.3,72,0.75,20,12.4,1600,51.5,36.1,0,0,2.5,1,40,40,109.67,100,1
19910307,70,1,47202,1,0,0,0,0,1,0,0,0,0,3,813,10,1,0,1910,35,45,0.2,15.2,63,1,20,0,1500,59.5,40.5,0,0,2.3,0.9,40,40,109.67,100,1
19910307,71,1,47202,0,0,0,0,0,0,0,0,0,0,3,813,5,1,0,1910,52.5,45,0.233,16,68,0.75,20,0,1600,58.8,41.2,4,0,2.3,0.8,40,40,109.67,100,1
19910317,27,3,37355,1,0,0,0,0,0,1,0,0,0,1,816,9,0,0,1910,49,43,0.35,14.5,74,0.75,23,9.1,1900,56.8,34.1,2,0,0.7,0.2,35,40,103.22,100,0
19910314,71,1,47202,0,0,0,0,0,0,0,0,0,0,3,813,5,1,0,1910,52.5,37,0.233,14,73,0.75,20,9.6,1600,53.2,37.2,0,0,2.3,1,40,40,109.67,100,1
19910309,72,1,47202,0,0,0,0,0,0,0,0,0,0,3,813,9,1,0,1910,52.5,43,0.267,15.1,76,0.5,31,6.6,1650,54.9,38.5,0,0,2.5,1.5,40,40,109.67,100,1
19910316,73,3,37355,1,0,0,0,0,0,1,0,0,0,0,828,9,0,3,1910,40,44,0.2,16.1,78,0.9375,30,5.6,1800,55.6,38.9,0,0,2,1,35,40,103.22,100,1
19910314,69,1,47202,0,0,0,0,0,0,0,0,0,0,3,813,1,1,0,1911,52.5,37,0.2,15,66,0.75,20,13.3,1600,55.6,42.2,0,0,2.4,0.8,40,40,100,100,1
19910318,74,3,37355,1,0,0,0,0,0,1,0,0,0,0,827,2,0,0,1910,40,43,0.35,16.5,72,0.625,20,9.1,2000,56.8,34.1,4,0,2.5,0.5,35,40,103.22,100,1
19910318,75,3,37355,1,0,0,0,0,0,1,0,0,0,0,827,9,0,0,1910,40,43,0.35,16.1,70,0.625,20,11.1,2000,55.6,33.3,4,0,1.8,0.9,35,40,103.22,100,1
19910319,76,4,35753,1,0,0,0,0,1,1,0,0,0,0,824,9,0,1,1910,40,43,0.267,16,80,0.5625,30,5.6,1900,55.6,38.9,0,0,2.2,1.3,30,40,103.22,100,1
19910319,77,0,25513,0,0,0,0,0,0,0,0,0,0,0,821,7,0,0,1911,45,45,0.2,14.7,75,0.625,30,15,1734,50,35,2,0,1.5,0.6,34,40,103.22,100,0
19910322,78,25,38051,1,0,0,0,0,0,1,0,0,0,1,816,2,0,0,1911,60,49,0.333,14.9,77,0.75,27,0,1650,58.8,41.2,0,0,2.5,0.7,33,40,103.33,100,1
19910325,79,0,25514,0,0,0,0,0,0,0,0,0,1,0,821,7,0,0,1910,55,49,0.267,12.5,70,0.625,30,5.6,1750,55.6,38.9,0,0,2.5,0.9,34,40,106.66,100,0
19910320,80,0,25513,0,0,0,0,0,0,0,0,0,0,0,821,2,0,0,1911,45,45,0.2,15.1,75,0.625,20,15,1750,50,35,0,0,1.6,0.9,34,40,103.22,100,1
19910322,81,25,38051,1,0,0,0,0,0,1,0,0,0,1,816,9,0,0,1910,55,49,0.2,15.6,74,0.75,24,0,1650,58.8,41.2,0,0,2.5,1.7,33,40,103.33,100,1
19910323,82,3,37355,1,0,0,0,0,1,1,0,0,0,0,828,2,0,0,1911,40,49,0.233,15.3,74,1,34,0,2000,62.5,37.5,0,0,2.2,1,35,40,100,100,1
19910323,83,3,37355,1,0,0,0,0,1,1,0,0,0,0,828,9,0,0,1911,40,49,0.233,16.8,78,0.9375,30,0,2000,62.5,37.5,0,0,2.4,0.9,35,40,100,100,1
19910402,84,0,25515,0,0,0,0,0,0,0,0,0,0,0,821,7,0,0,1911,42.5,46,0.3,14,77,0.625,42,15.8,1850,49.5,34.6,8,0,1.5,0.8,34,40,100,100,0
19910404,85,14,37081,1,0,1,0,0,1,1,0,0,0,0,828,1,0,1,1911,35,44,0.2,15.5,100,0.875,30,0,2200,53.2,46.8,0,0,0,0,30,40,100,100,0
19910330,86,22,35534,0,0,0,0,0,0,0,0,0,1,0,827,2,0,0,1910,42,44,0.3,15,80,1.25,20,16.7,1300,49,34.3,0,0,2.5,0.2,40,40,110,100,1
19910330,87,22,35534,0,0,0,0,0,0,0,0,0,1,0,827,9,0,0,1910,45,44,0.3,15.5,75,1.25,20,14.1,1300,50.5,35.4,0,0,2.5,1.5,40,40,110,100,1
19910405,50,4,35754,1,0,0,0,0,1,1,0,0,0,0,824,2,0,1,1910,50,43,0.3,16,70,0.8125,30,3.4,2400,56.8,39.8,0,0,2.5,0.8,30,40,103.125,100,1
19910405,88,4,35754,1,0,0,0,0,1,1,0,0,0,0,824,9,0,1,1910,47,43,0.267,16,80,0.5625,30,9.1,2400,50.5,40.4,0,0,2.5,1.1,30,40,103.125,100,1
19910327,89,26,37572,1,0,0,0,0,1,1,0,0,0,0,824,2,0,1,1911,35,48,0.233,16,76,0.8125,30,8.9,1900,49.5,41.6,0,0,2.5,1.2,30,40,103.22,100,1
19910327,90,26,37572,1,0,0,0,0,1,1,0,0,0,0,824,9,0,1,1911,35,48,0.233,16,86,0.5625,30,16.1,1900,44.6,39.3,0,0,2.5,1.5,30,40,103.22,100,1
19910402,91,13,35814,1,0,0,0,0,0,1,0,0,0,0,827,2,2,1,1911,35,43,0.233,14,75,1.25,20,7.6,1700,54.3,38,0,0,2.5,2,33,40,106.66,100,1
19910402,92,13,35814,1,0,0,0,0,0,1,0,0,0,0,827,9,2,1,1911,37.5,43,0.233,14,80,1.25,20,6.25,1700,52.1,41.7,0,0,3,1.5,33,40,106.66,100,1
19910406,93,27,37822,1,0,0,0,0,0,1,0,0,0,3,813,1,1,0,1910,40,44,0.2,15,68,0.75,20,0,1750,58.8,41.2,0,0,2.7,0.7,35,40,103.125,100,1
19910406,94,27,37822,1,0,0,0,0,0,1,0,0,0,3,813,5,1,0,1910,40,44,0.233,15.5,68,0.75,20,5.6,1750,55.6,38.9,0,0,1.5,0.5,35,40,103.125,100,1
19910511,95,13,35816,1,0,0,0,0,1,1,0,0,0,0,827,2,2,1,1910,47.5,68,0.4,14,78,0.75,22,0,1900,62.5,37.5,0,0,2.1,1.7,33,40,103.125,100,0
19910501,96,24,35458,1,0,0,0,0,1,1,0,0,1,1,816,2,0,1,1910,40,60,0.233,15,78,1,28,0,2380,60,40,3,0,2.5,1,30,40,106.66,100,0
19910502,97,1,47203,0,0,0,0,0,1,1,0,0,1,3,813,9,1,0,1910,55,55,0.3,16.3,100,1,20,0,1650,58.8,41.2,0,0,2.5,1,40,40,106.66,100,0
19910502,98,13,35816,1,0,0,0,0,1,1,0,0,0,1,815,2,2,1,1910,40,55,0.433,15.5,92,0.75,22,9.6,1550,53.2,37.2,1,0,2.9,1.3,33,40,106.66,100,0
19910503,98,13,35816,1,0,0,0,0,1,1,0,0,0,1,815,2,2,1,1910,40,52,0.2,16,86,0.75,26,9.6,1975,53.2,37.2,1,0,2.9,1.3,33,40,100,100,0
19910503,6,8,23055,0,0,0,0,0,0,2,0,0,0,0,821,7,0,0,1910,42.5,52,0.4,13.9,76,0.625,25,0,1800,50,50,0,0,2.5,0.9,40,40,106.66,100,0
19910507,13,0,25520,0,0,0,0,0,0,0,0,0,0,0,821,7,0,1,1910,50,56,0.267,15.2,76,0.625,25,3.4,1760,56.8,39.8,2,0,2.5,0.8,34,40,103.125,100,0
19910508,99,0,25520,0,0,0,0,0,0,0,0,0,0,0,821,7,0,0,1910,45,57,0.267,14,76,0.75,20,3.4,1800,56.2,40.4,2,0,2,0.8,34,40,103.125,100,0
19910517,100,23,35982,1,0,1,0,0,1,1,0,0,1,0,824,2,0,1,1910,47,67,0.4,16,74,0.8125,38,0,1900,58.8,41.2,2,0,2.5,1.1,33,40,103.125,100,1
19910517,67,23,35872,1,0,1,0,0,1,1,0,0,0,0,824,9,0,1,1910,47,67,0.333,16,82,0.5625,30,1.5,1900,50.5,34.3,0,0,2.5,1.1,33,40,103.125,100,1
19910505,101,1,47203,0,0,0,0,0,0,0,0,0,0,3,813,5,1,0,1910,50,52,0.3,17,69,0.75,20,0,1700,58.8,41.2,0,0,2.2,0.9,40,40,106.66,100,1
19910507,102,1,47203,0,0,0,0,0,0,0,0,0,1,2,802,7,1,0,1910,50,55,0.233,13.34,74,0.625,20,4.8,1635,59.5,35.7,1,0,3,2,40,40,100,100,1
19910507,103,1,47203,0,0,0,0,0,0,0,0,0,1,2,802,2,1,0,1910,50,55,0.233,13.86,70,0.625,47,10.2,1635,51,38.8,0,0,3,1,40,40,100,100,1
19910505,104,1,47203,0,0,0,0,0,0,0,0,0,0,3,813,1,1,0,1910,50,52,0.267,15.6,71,0.75,20,20.6,1700,46.7,32.7,0,0,2.5,0.6,40,40,106.66,100,1
19910409,105,15,37168,1,0,0,0,0,1,1,0,0,0,1,815,2,0,1,1911,30,63,0.3,13,94,1,29,0,1800,56.2,43.8,0,0,2.5,1,30,40,110,100,0
19910415,106,12,37333,1,0,0,0,0,1,1,0,0,0,1,815,2,0,1,1911,50,60,0.267,13.6,86,1.125,28,0,1500,64.1,35.9,0,0,2.5,1,33,40,106.45,100,0
19910416,107,0,25517,0,0,0,0,0,0,0,0,0,1,0,821,7,0,0,1911,55,53,0.3,14.2,72,0.625,25,22.7,1750,45.5,31.8,1,0,2.4,0.9,34,40,103.125,100,0
19910426,108,12,37333,1,0,0,0,0,1,1,0,0,1,1,815,2,0,1,1910,35,56,0.3,15.3,80,0.75,20,0,1900,76.9,23.1,0,0,2.5,1.25,33,40,106.66,100,0
19910426,109,28,37994,0,0,0,0,0,0,0,0,0,1,0,821,7,0,0,1911,55,56,0.233,15,84,0.625,25,16.7,1850,52.1,31.3,4,0,2,0.6,34,40,103.125,100,0
19910422,110,0,25513,0,0,0,0,0,0,0,0,0,1,0,821,7,0,0,1910,55,49,0.2,15,78,0.625,20,17.1,1900,47.6,35.2,0,0,2.5,0.85,34,40,106.45,100,0
19910426,111,1,47203,0,0,0,0,0,0,0,0,0,0,2,802,2,1,0,1910,50,50,0.2,15.7,90,0.75,50,0,1420,62.5,37.5,0,0,3,1.35,40,40,106.45,100,1
19910426,112,1,47203,0,0,0,0,0,0,0,0,0,0,2,802,7,1,0,1910,50,50,0.2,15.5,74,0.75,58,4.8,1420,59.5,35.7,3,0,3,1,40,40,106.45,100,1
19910428,113,23,35871,1,0,1,0,0,1,1,0,0,0,0,824,9,0,1,1911,35,56,0.233,16,82,0.5625,28,5.6,2100,56.2,38.2,0,0,1.7,0.4,30,40,103.125,100,1
19910428,114,23,35871,1,0,1,0,0,1,1,0,0,0,0,824,2,0,1,1911,35,56,0.2,15,80,0.8125,40,8.6,2100,53.8,37.6,8,0,1.7,1,30,40,100,100,1
19910419,115,15,37169,1,0,0,0,0,1,1,0,0,0,0,824,2,0,1,1911,40,50,0.2,16,68,0.8125,30,0,2400,58.8,41.2,8,0,2.5,1.5,33,40,103.125,100,1
19910419,116,15,47169,1,0,0,0,0,1,1,0,0,0,0,824,9,0,1,1911,40,50,0.233,16,70,0.5625,30,0,2400,58.8,41.2,8,0,1.5,0.5,33,40,103.125,100,1
19910415,117,3,32360,1,0,0,0,0,0,1,0,0,0,0,827,2,0,0,1910,55,59,0.233,14.2,80,1,20,5.6,1700,55.6,38.9,0,0,2,2.5,33,40,106.45,100,1
19910415,118,3,32360,1,0,0,0,0,0,1,0,0,0,0,827,9,0,0,1911,37.5,59,0.233,16,75,0.75,20,4.3,1700,54.3,41.3,0,0,2.5,1.5,33,40,106.45,100,1
19910409,119,27,37822,1,0,0,0,0,0,1,0,0,0,1,816,9,1,0,1911,40,54,0.2,15.8,76,0.5,38,5.6,1736,55.6,38.9,0,0,2.5,1.5,35,40,103.125,100,1
19910409,120,27,37822,1,0,0,0,0,0,2,0,0,0,1,816,2,1,0,1911,40,54,0.2,15.4,78,0.5,34,5.7,1736,56.8,36.9,0,0,2.5,1.1,35,40,103.125,100,1
19910426,121,28,37994,0,0,0,0,0,0,0,0,0,1,0,821,2,0,0,1911,55,45,0.267,15.5,79,0.625,20,16.7,1850,54.3,34.3,4,0,2.5,1,34,40,100,100,1
19910430,122,0,25519,0,0,0,0,0,0,0,0,0,1,0,821,7,0,0,1910,52,64,0.4,15.5,82,0.625,30,0,1800,71.4,28.6,4,0,2.5,0.9,34,40,103.125,100,0
19910423,123,24,35458,1,0,0,0,0,1,1,0,0,1,1,816,9,0,1,1910,40,56,0.233,16.5,79,0.5,28,0,2300,60.2,39.8,0,0,2.5,1.5,30,40,106.45,100,0
19910605,124,24,35460,1,0,0,0,0,1,1,0,0,0,0,824,2,0,1,1910,45,54,0.333,15.5,76,0.8125,30,5.6,2250,55.6,38.9,2,0,2.5,1.3,30,40,106.45,100,1
19910604,33,3,37365,1,0,0,0,0,0,1,0,0,0,0,828,2,0,3,1910,47.5,68,0.4,16,80,0.75,30,0,2250,58.8,41.2,0,0,1.5,1,35,40,106.45,100,1
19910604,125,3,37365,1,0,0,0,0,0,1,0,0,0,0,828,9,0,3,1910,47.5,68,0.35,16,80,0.75,30,0,2250,52.1,47.9,0,0,1.5,0.75,35,40,106.45,100,1
19910605,126,24,35460,1,0,0,0,0,1,1,0,0,0,0,824,9,0,1,1910,45,54,0.367,15.5,74,0.5625,40,10.5,2250,52.6,36.8,2,0,2.5,1.8,30,40,106.45,100,1
19910603,127,3,37365,1,0,0,0,0,0,1,0,0,1,0,827,2,0,1,1911,37.5,70,0.333,14.9,64,0.75,28,3.4,1500,57.5,39.1,0,0,2.5,1,40,40,106.89,100,1
19910603,128,3,37365,1,0,0,0,0,0,1,0,0,0,0,827,9,0,1,1911,37.5,70,0.4,15,65,0.75,25,5.4,1500,54.3,40.2,0,0,2.3,0.9,40,40,106.66,100,1
19910529,129,12,37338,1,0,0,0,0,1,1,0,0,0,0,824,2,0,1,1911,47.5,60,0.4,14.5,74,0.8125,20,8.6,1600,53.8,37.6,0,0,2,1.5,35,40,110,100,1
19910524,130,4,37758,1,0,0,0,0,1,1,0,0,0,0,828,9,0,1,1910,40,62,0.3,16,84,0.9375,28,0,2200,58.8,41.2,4,0,2.5,0.6,30,40,106.45,100,1
19910524,28,4,35758,1,0,0,0,0,1,1,0,0,0,0,828,2,0,1,1910,40,62,0.267,16,84,0.9375,32,0,2200,58.8,41.2,4,0,1.4,1,30,40,106.45,100,1
19910430,123,24,35458,1,0,0,0,0,1,1,0,0,0,1,816,9,0,1,1910,40,64,0.2,15.5,85,1,26,0,2400,58.8,41.2,0,0,2.5,1,30,40,103.125,100,1
19910430,96,24,35458,1,0,0,0,0,1,1,0,0,0,1,816,2,0,1,1910,40,64,0.233,15,82,0.75,31,0,2400,60,40,3,0,2.5,1,30,40,106.66,100,1
19910531,101,1,47203,0,0,0,0,0,0,0,0,0,1,2,802,7,1,0,1910,50,69,0.367,17,82,0.75,50,0,1700,62.5,37.5,0,0,3,1,40,40,106.45,100,0
19910529,131,12,37338,1,0,0,0,0,1,1,0,0,1,0,824,9,0,1,1911,50,60,0.4,16,76,0.5625,28,5.6,1600,55.6,38.9,0,0,1,0.5,35,40,110,100,1
19910524,31,29,37915,1,0,0,0,0,1,1,0,0,0,1,815,2,0,0,1910,50,62,0.4,15.4,98,0.75,25,10.6,1750,48.1,41.3,0,0,2.8,1.3,33,40,110,100,1
19910524,132,29,37915,1,0,0,0,0,1,1,0,0,0,1,815,9,0,0,1911,50,62,0.4,14.9,96,0.75,26,11,1950,50,39,0,0,2.8,0.8,33,40,110,100,1
19910528,70,1,47203,0,0,0,0,0,0,0,0,0,0,3,813,1,1,0,1910,50,68,0.367,13.4,70,0.75,20,20.4,1700,46.3,33.3,0,0,2.5,1,40,40,106.45,100,0
19910604,133,3,37305,1,0,0,0,0,0,1,0,0,0,1,815,9,0,3,1911,35,68,0.4,15.1,90,0.875,30,6,1500,59.5,34.5,1,0,2.5,1,35,40,106.89,100,0
19910610,134,12,37501,1,0,0,0,0,1,1,0,0,0,1,816,2,0,0,1910,55,56,0.3,16.02,84,0.25,30,5.3,2244,52.6,42.1,5,0,3,0.8,30,40,110,100,1
19910610,135,12,37501,1,0,0,0,0,1,1,0,0,0,1,816,9,0,0,1911,32.5,56,0.367,15.03,79,0.3125,28,5.3,2244,52.6,42.1,0,0,1.8,0.5,30,40,106.45,100,1
19910611,89,15,37177,1,0,0,0,0,1,1,0,0,0,0,828,2,0,1,1910,40,56,0.3,17,82,0.75,30,0,2550,52.6,47.4,0,0,2,1,33,40,103.22,100,1
19910611,136,12,37177,1,0,0,0,0,1,1,0,0,0,0,828,9,0,1,1910,30,56,0.283,17,72,0.75,30,0,2550,52.6,47.4,0,0,2,1,33,40,103.22,100,1
19910614,137,12,37501,1,0,0,0,0,1,1,0,0,0,1,815,2,0,1,1910,30,69,0.3,16,98,0.75,35,0,2050,62.5,37.5,0,0,2.75,1,33,40,100,100,1
19910614,138,4,35759,1,0,0,0,0,1,1,0,0,0,0,827,2,0,1,1910,45,69,0.267,15.6,72,0.75,21,5.6,2426,55.6,38.9,0,0,2.85,1.1,30,40,103.22,100,1
19910614,139,4,37579,1,0,0,0,0,1,1,0,0,0,0,827,9,0,1,1910,45,69,0.267,16.1,76,0.75,22,5.6,2426,55.6,38.9,0,0,2.7,0.7,30,40,103.22,100,1
19910614,140,12,37501,1,0,0,0,0,1,1,0,0,1,1,815,9,0,1,1910,32.5,69,0.2,15.5,94,0.75,30,0.5,2050,52.6,42.1,0,0,2.5,1,33,40,100,100,1
19910627,141,12,37502,1,0,0,0,0,1,1,0,0,1,0,824,2,0,1,1910,55,66,0.2,15,82,0.8125,30,7,1900,58.1,34.9,5,0,2.5,0.9,30,40,103.125,100,0
19910626,142,2,37938,0,0,0,0,0,0,0,0,0,1,1,816,9,1,0,1910,45,65,0.3,16.3,78,0.75,32,3.4,1700,56.8,39.8,4,0,2.5,1,34,40,106.45,100,0
19910622,143,30,35528,0,0,0,0,0,0,0,0,0,0,1,816,2,2,0,1910,40,68,0.3,14,88,0.75,32,0,1742,60,40,3,0,2.5,1,40,40,103.125,100,0
19910619,55,12,37199,1,0,0,0,0,0,1,0,0,0,0,824,9,0,1,1910,40,64,0.2,16.5,82,0.5625,30,2.3,1900,57.5,40.2,0,0,1.3,0.8,30,40,106.45,100,0
19910618,144,5,37003,0,0,0,0,0,0,2,0,0,0,1,815,2,1,0,1910,40,65,0.267,16.2,79,0.625,30,0,1500,62.5,37.5,4,0,2.5,1,38,40,106.45,100,0
19910617,145,31,37990,0,0,0,0,0,0,0,0,0,0,3,813,1,1,0,1910,50,66,0.233,16,87,1,20,11.1,1530,55.6,33.3,0,0,2.5,1,34,40,100,100,0
19910609,146,3,37365,1,0,0,0,0,0,1,0,0,0,1,815,9,0,0,1911,35,62,0.4,14.5,94,1,35,0,1900,63.3,36.7,0,0,2.5,1,35,40,106.89,100,0
19910609,147,24,35460,1,0,0,0,0,1,1,0,0,1,0,824,2,0,1,1910,40,62,0.2,16,80,0.8125,40,0,2250,62.5,37.5,0,0,2.5,0.7,30,40,110,100,0
19910607,148,3,37365,1,0,0,0,0,0,1,0,0,0,0,827,9,0,0,1910,42.5,58,0.4,15,76,1,20,5.4,2000,54.3,40.2,0,0,2.5,1,35,40,103.33,100,0
19910707,149,1,47204,0,0,0,0,0,1,1,0,0,0,3,813,9,1,0,1910,50,64,0.233,18,64,1,20,0,1300,62.5,37.5,0,0,3,1,40,40,106.45,100,0
19910707,150,1,47204,0,0,0,0,0,1,1,0,0,0,3,813,10,1,0,1910,50,64,0.2,16,86,0.75,20,0,1300,58.8,41.1,0,0,2.5,1,40,40,106.45,100,0
19910629,151,2,37938,0,0,0,0,0,0,0,0,0,0,1,816,2,1,1,1910,60,66,0.2,14.5,85,0.25,20,0,1700,62.2,37.8,0,0,2.5,1,34,40,106.45,100,0
19910706,152,12,37505,1,0,0,0,0,1,1,0,0,1,0,824,9,0,1,1910,40,64,0.233,15.4,88,0.5625,24,4.4,1835,55.5,40,2,0,2,1.3,30,40,106.45,100,1
19910706,153,12,37505,1,0,0,0,0,1,1,0,0,1,0,824,2,0,1,1910,40,64,0.2,16,76,0.8125,23,4.8,1835,59.5,35.7,3,0,2,0.7,30,40,106.45,100,1
19900514,154,1,47103,0,0,0,0,0,0,0,0,0,0,1,816,9,1,0,1910,47.5,63,0.3,16.4,84,0.5,27,20.7,1800,41.3,38,5,0,2.6,0.3,40,33,96.7,100,0
19900509,155,1,47103,0,0,0,0,0,0,0,0,1,0,1,816,9,1,0,1910,50,50,0.3,14.5,84,0.25,24,20.7,1500,41.3,38,0,0,3,0.6,40,33,103.3,100,0
19900511,156,1,47103,0,0,0,0,0,0,0,0,0,0,3,813,1,1,0,1910,50,48,0.233,13,80,1,20,18.9,1700,47.2,34,0,0,2.7,0.6,40,33,100,100,0
19900518,157,32,34402,0,0,0,0,0,0,0,0,1,0,1,815,9,1,0,1911,52,54,0.5,16,82,0.875,22,15.8,900,49.5,34.7,0,0,2.5,1,50,40,96.7,100,0
19900414,158,13,34545,1,0,0,0,0,1,1,0,0,1,0,827,2,2,1,1910,40,41,0.233,14,79,0.75,20,0,1530,61.7,38.3,5,0,3.1,1.8,33,33,96.9,100,1
19900418,159,12,36053,1,0,0,0,0,1,1,0,0,0,1,815,9,0,1,1910,45,42,0.233,15,76,0.75,30,0,2220,58.8,41.2,0,0,2.5,1,30,35,100,100,1
19900418,47,12,36053,1,0,0,0,0,1,1,0,0,0,1,815,2,0,1,1910,45,42,0.233,16,84,0.625,28,0,2220,54.3,45.7,0,0,2.5,1,30,35,100,100,1
19900606,160,33,36859,0,0,0,0,0,0,0,0,0,0,2,802,7,1,0,1911,55,54,0.267,15,70,0.625,60,3.4,1600,56.8,39.8,0,0,1,0.4,45,40,103.3,100,1
19900606,161,33,36859,0,0,0,0,0,0,2,0,0,1,2,802,2,1,0,1911,57.5,54,0.267,15.5,80,0.625,55,0,1600,62.5,37.5,0,0,3,0.5,45,40,103.3,100,1
19900507,162,1,47103,1,0,0,0,0,1,1,0,0,0,3,813,9,1,0,1910,40,54,0.233,15.59,89,1,20,1.2,1700,58.1,40.7,0,0,2.5,0.6,40,33,103.3,100,1
19900409,163,24,34683,1,0,0,0,0,1,1,0,0,0,1,815,2,0,0,1910,40,38,0.3,16,92,0.625,25,1.1,1900,53.8,45.2,0,0,2.5,1,30,33,100,100,1
19900524,164,34,36648,1,0,0,0,0,0,1,0,0,0,1,815,1,1,1,1911,50,60,0.3,14,75,0.625,33,0,2000,65.2,34.8,0,0,0,0,35,40,96.9,100,0
19900425,165,35,34664,0,0,0,0,0,0,0,0,1,0,1,816,9,0,0,1910,45,49,0.2,16,72,0.375,38,15,1650,50,35,0,0,2.5,0.2,38,33,96.9,100,0
19900418,166,36,36858,0,0,0,0,0,0,0,0,0,0,3,813,5,1,0,1910,60,43,0.367,15,94,1,20,9.5,1500,52.6,37.9,0,4,2.5,1,40,35,100,100,0
19900409,167,0,25416,0,0,0,0,0,0,0,0,0,1,0,821,7,0,0,1911,47.5,41,0.333,18,74,0.5,30,17.7,1900,44.2,38.1,2,0,2.5,1,40,33,100,100,0
19900417,168,36,36858,0,0,0,0,0,0,0,0,0,0,2,802,2,1,0,1910,47.5,52,0.267,14.3,98,0.75,55,11.7,1600,53.2,35.1,0,0,3,1,40,33,100,100,0
19900606,169,13,34546,1,0,0,0,0,1,1,0,0,0,1,816,9,2,1,1911,37.5,54,0.3,14.5,80,1,20,10.9,2400,54.3,34.8,0,0,2.5,0.4,30,40,103.3,100,1
19900606,170,13,34546,1,0,0,0,0,1,1,0,0,0,1,816,2,2,1,1911,52.5,54,0.267,14.6,82,0.75,32,10.5,2400,52.6,36.8,0,0,2.5,0.5,30,40,100,100,1
19900517,171,12,36054,1,0,0,0,0,1,1,0,0,0,0,827,2,0,1,1910,45,55,0.3,15,75,0.75,25,0,2300,59.8,40.2,0,0,2,2.3,30,33,96.6,100,1
19900426,172,13,34545,1,0,0,0,0,0,1,0,0,1,0,827,9,0,1,1910,40,48,0.3,15,82,1,35,0,1720,59.3,40.7,0,0,1.5,1.5,32,33,100,100,1
19900426,173,13,34545,1,0,0,0,0,0,1,0,0,1,0,827,2,0,1,1910,40,48,0.333,15,75,1,30,0,1720,61.7,38.3,0,0,2.5,3,33,33,103.2,100,1
19900505,174,1,47103,0,0,0,0,0,0,0,0,0,1,2,802,7,1,0,1910,50,52,0.2,14,80,0.75,60,4.4,1700,54.9,40.7,0,0,2.5,1,40,33,100,100,0
19900507,156,1,47103,0,0,0,0,0,0,0,0,0,0,3,813,1,1,0,1910,55,54,0.233,13.23,79,1,20,18.9,1700,47.2,34,0,0,2,0.6,40,33,100,100,1
19900507,175,1,47103,1,0,0,0,0,1,1,0,0,0,3,813,10,1,0,1910,40,54,0.267,14.42,87,1,20,4.5,1700,56.2,39.3,0,0,2.5,1,40,33,96.8,100,1
19900507,176,1,47103,0,0,0,0,0,0,0,0,0,0,2,802,2,1,0,1910,72.5,54,0.2,14.5,82,0.75,50,2.2,1900,56.7,41.6,0,0,3,0.9,40,33,100,100,1
19900507,177,1,47103,0,0,0,0,0,0,0,0,0,0,3,813,5,1,0,1910,47.5,54,0.2,16.08,69,1,20,3.3,1700,55.5,41.1,0,0,2.5,0.9,40,30,103.3,100,1
19900510,178,1,47103,0,0,0,0,0,0,0,0,0,0,1,816,2,1,0,1910,60,50,0.3,15,72,0.75,30,15.9,1700,44.2,39.8,1,0,3,0.5,40,33,100,100,0
19900517,179,23,34752,1,0,1,0,0,1,1,1,0,0,0,824,9,0,1,1910,50,48,0.333,15.8,70,0.75,30,0,1900,58.8,41.2,5,0,2.5,1.2,30,33,100,100,1
19900517,180,23,34752,1,0,1,0,0,1,1,0,0,0,0,824,2,0,0,1910,50,48,0.233,15.5,68,0.8125,30,0,1900,57.4,42.6,10,0,1.5,1,30,33,100,100,1
19900507,181,37,36928,1,0,0,0,0,1,1,0,0,0,1,815,9,1,1,1910,40,54,0.233,15,80,0.75,28,0,1800,58.8,41.2,0,0,2.5,1.2,30,33,100,100,1
19900507,182,37,36928,1,0,0,0,0,1,1,0,0,0,1,815,2,1,1,1910,40,54,0.3,15,88,0.75,28,0,1800,58.8,41.2,0,0,2.5,1.2,30,33,100,100,1
19900606,183,0,25424,0,0,0,0,0,0,0,0,0,1,0,821,7,0,0,1911,40,54,0.333,14.1,80,0.75,20,24.8,1850,41.3,33.9,3,0,2.5,0.8,40,40,103.3,100,1
19900603,71,38,36859,0,1,0,0,0,0,2,0,0,1,2,802,2,1,0,1911,50,65,0.2,17,100,0.625,52,5.6,1650,55.5,38.9,0,0,3,0.6,45,40,100,100,0
19900617,184,31,34093,0,0,0,0,0,0,2,0,0,1,0,821,7,0,0,1910,52.5,62,0.433,14.5,95,0.75,20,0,1950,58.8,41.2,0,0,2,1,38,35,100,100,0
19900602,185,33,36859,0,0,0,0,0,0,0,0,0,1,2,802,2,1,0,1910,50,56,0.2,14.3,105,0.75,70,0,1600,55.5,44.5,0,0,3,1,45,35,100,100,0
19900608,186,34,36649,1,0,0,0,0,1,1,0,0,0,3,813,6,1,3,1911,47.5,62,0.333,15,84,0.75,20,5.6,1700,56.2,38.2,0,0,2.5,1,35,40,96.7,100,1
19900608,187,34,36649,1,0,0,0,0,1,1,0,0,0,3,813,1,1,3,1911,47.5,62,0.2,15,80,0.75,20,5.6,1700,56.2,38.2,0,0,2.5,1,35,40,96.9,100,1
19900615,188,13,34547,1,0,0,0,0,1,1,0,0,0,1,815,9,2,1,1910,30,58,0.433,15.9,81,0.625,30,0,2150,62.5,37.5,10,0,2.5,1,30,35,90,100,1
19900615,189,13,34547,1,0,0,0,0,1,1,0,0,0,1,815,2,2,1,1910,30,58,0.333,16.3,78,0.625,30,0,2150,58.8,41.2,10,0,2.5,1,30,35,90,100,1
19900612,190,12,36894,1,0,0,0,0,1,1,0,0,0,0,824,2,0,1,1910,30,51,0.3,16,70,0.8125,20,0,2250,58.8,41.2,0,0,1.5,0.6,30,35,103.3,100,1
19900612,191,12,36894,1,0,0,0,0,1,1,1,0,0,0,824,9,0,1,1910,30,51,0.333,16,76,0.875,25,19.1,2250,42.7,38.2,3,0,1.2,0.5,30,35,103.3,100,1
19900615,192,12,36057,1,0,0,0,0,1,1,0,0,0,0,827,9,0,1,1910,30,58,0.467,15,98,0.75,30,0,2300,58.8,41.2,6,0,2.25,1,30,35,100,100,1
19900615,193,12,36057,1,0,0,0,0,1,1,0,0,0,0,827,2,0,1,1910,30,58,0.467,15,96,0.75,30,0,2300,58.8,41.2,6,0,3,0.75,30,35,100,100,1
19900606,194,39,36024,0,0,0,0,0,1,0,0,0,1,1,815,9,0,1,1910,52.5,54,0.433,16.3,90,0.75,38,0,1800,62.5,38.5,0,0,2.9,1.1,33,35,100,100,1
19900606,195,39,36024,0,0,0,0,0,1,0,0,0,1,1,815,2,0,1,1910,55.5,54,0.233,15,82,0.75,38,0,1800,58.8,41.2,0,0,2,1,33,35,100,100,1
19900606,196,0,25424,0,1,0,0,0,0,0,0,1,0,0,821,2,0,0,1911,40,54,0.2,14.6,85,0.75,20,21.7,1850,43.5,34.8,0,0,2.5,0.8,40,40,100,100,1
19900614,197,40,34397,0,0,0,0,0,0,0,0,0,0,3,813,1,1,5,1910,50,53,0.3,16,65,0.75,20,15.8,1300,49.5,34.7,0,0,2.5,1,28,35,93.5,100,1
19900614,198,40,34397,0,0,0,0,0,0,0,0,0,0,3,813,6,1,5,1910,50,53,0.3,16.5,90,0.75,20,11.3,1300,51.5,37.1,0,0,2.5,0.7,28,35,100,100,1
19900621,199,41,36846,0,0,0,0,0,0,2,0,0,0,2,802,7,1,0,1910,50,59,0.367,13,92,0.625,49,0,1300,58.8,41.2,0,0,3,1.1,40,35,100,100,0
19900622,200,42,38025,0,0,0,0,0,0,0,0,0,1,1,815,9,1,0,1910,57.5,55,0.333,14,86,0.75,30,13,1700,50,37,0,0,2.9,0.9,34,35,100,100,1
19900622,201,42,38025,0,0,0,0,0,0,0,0,0,1,1,815,2,1,0,1910,55,55,0.3,13,86,0.75,28,13.7,1700,49,37.3,0,0,3,0.8,34,35,100,100,1
19900611,202,43,36874,0,1,0,0,0,1,1,0,0,0,1,815,9,1,1,1911,55,60,0.2,15.5,80,0.75,30,13,1750,54.3,32.6,0,0,2.75,1,33,40,100,100,1
19900611,203,43,37874,0,1,0,0,0,1,1,0,0,0,1,815,2,1,1,1911,55,60,0.2,15,78,0.625,34,15,1750,50,35,0,0,2.5,1,33,40,100,100,1
19900622,204,5,36911,0,0,0,0,0,0,2,0,0,1,3,813,6,1,0,1910,50,59,0.4,15,90,0.75,20,0,1500,58.8,41.2,0,0,2.5,1,40,35,100,100,0
19900626,205,0,25427,0,0,0,0,0,0,0,0,0,1,0,821,7,0,0,1910,55,49,0.233,15.6,80,1,30,35.8,1950,41.7,22.5,1,0,2.7,1,40,37,100,100,0
19900625,35,44,34092,0,0,0,0,0,0,0,0,0,0,1,815,2,1,0,1910,65,49,0.333,13.5,82,0.625,30,0,1350,68.2,31.8,1,0,2.5,1,38,37,103.2,100,0
19900622,206,45,36846,1,0,0,0,0,0,0,0,0,1,2,802,2,1,0,1910,65,65,0.4,14,100,0.75,40,7,1200,58.1,34.9,0,0,2.5,1,40,35,100,100,0
19900625,124,12,36058,1,0,0,0,0,1,1,0,0,0,0,824,6,0,1,1911,50,58,0.3,16,80,0.875,24,0,2200,58.8,41.2,0,0,1.2,0.6,30,42,93.75,100,1
19900625,207,44,34092,0,0,0,0,0,0,0,0,0,1,1,815,9,1,0,1910,65,58,0.4,15,74,0.625,32,0,1800,57.5,42.5,1,0,2.5,1,38,37,103.2,100,0
19900625,14,12,36058,1,0,0,0,0,1,1,0,0,0,0,824,2,0,1,1911,50,58,0.333,15.5,75,0.8125,24,0,2200,58.8,41.2,0,0,1.5,0.6,30,42,100,100,1
19900702,208,46,34367,0,0,0,0,0,0,0,0,0,0,1,816,9,0,0,1911,62.5,47,0.167,17,75,0.75,30,14.3,1700,47.6,38.1,0,0,3,0.5,40,40,96.9,100,0
19900706,209,15,34583,1,0,0,0,0,1,1,0,0,0,0,827,9,0,1,1911,40,47,0.2,15,75,0.75,25,0,2100,61.1,38.9,0,0,2.4,1.1,33,40,96.9,100,1
19900705,210,0,25428,0,0,0,0,0,0,0,0,0,0,0,821,2,0,0,1911,45,47,0.2,14,80,0.75,20,18,1800,45,37,0,0,2.5,0.8,40,40,96.9,100,1
19900330,211,8,23040,0,1,0,0,0,0,0,0,0,1,0,821,7,0,0,1911,50,59,0.333,14.5,71,0.625,20,11.1,1650,55.5,33.3,0,0,2.5,1,40,40,100,100,0
19900707,212,2,36784,0,0,0,0,0,0,0,0,0,0,1,815,2,1,0,1910,60,58,0.333,15.1,93,1,25,0,1650,56.1,33.9,0,0,2.5,1,40,35,100,100,0
19900708,213,2,36784,0,0,0,0,0,0,0,0,0,1,1,815,2,1,0,1910,50,58,0.367,13.5,100,0.75,35,0,1750,55.5,44.5,3,0,2.7,0.5,40,35,100,100,0
19900710,214,1,47104,0,0,0,0,0,0,0,0,0,0,2,802,2,1,0,1910,40,56,0.3,16.5,80,0.75,45,20.3,1400,44.2,35.5,0,0,3,0.6,40,35,100,100,1
19900710,215,1,47104,0,0,0,0,0,0,0,0,0,0,2,802,7,1,0,1911,30,56,0.433,16,70,0.75,60,21.8,1400,45.4,32.8,0,0,3,0.9,40,40,96.8,100,1
19900710,216,2,36784,0,0,0,0,0,0,0,0,1,0,1,815,9,1,0,1910,37.5,56,0.3,14,82,0.625,28,0,1700,58.8,41.2,2,0,2.5,0.5,40,35,100,100,1
19900710,217,1,47104,0,0,0,0,0,0,0,0,1,0,3,813,5,1,0,1911,50,56,0.333,14.6,74,0.75,20,7.5,1400,53.8,38.7,0,4,2.4,0.8,40,40,96.8,100,1
19900710,218,1,47104,0,0,0,0,0,0,0,0,1,0,3,813,1,1,0,1911,57.5,56,0.5,13.8,73,0.75,20,4.4,1400,52.7,42.9,0,0,2,0.5,40,40,96.8,100,1
19900706,219,15,34583,1,0,0,0,0,1,1,0,0,0,0,827,2,0,1,1911,45,55,0.2,14,73,0.75,30,0,2100,61.1,38.9,0,0,2.5,0.8,33,40,96.8,100,0
19900710,125,29,34714,1,0,0,0,0,1,1,0,0,0,0,824,9,0,1,1911,30,56,0.2,14.7,87,0.875,20,0,2150,58.8,41.2,12,0,1.5,0.6,30,40,96.8,100,1
19900710,220,29,34714,1,0,0,0,0,1,1,0,0,0,0,824,2,0,1,1910,40,56,0.333,15.3,86,0.8125,32,0,2150,58.8,41.2,12,0,2.2,0.8,30,35,100,100,1
19900710,221,1,47104,0,0,0,0,0,1,1,0,0,0,3,813,10,1,0,1911,55,56,0.4,15,87,0.75,20,0,1250,62.5,37.5,0,0,2.5,1,40,40,96.8,100,1
19900710,222,1,47104,0,0,0,0,0,1,1,0,0,0,3,813,9,1,0,1911,55,56,0.4,15,93,0.75,20,0,1250,62.5,37.5,0,0,2.5,1,40,40,96.8,100,1
19900726,223,47,36644,0,0,0,0,0,0,0,0,1,1,1,816,2,1,0,1911,60,56,0.3,16,87,0.625,26,10.5,1450,50.5,39,3,0,3,1.3,40,40,93.75,100,0
19900727,202,47,36644,0,0,0,0,0,0,0,0,0,1,2,802,2,1,0,1910,60,53,0.3,18,103,0.625,50,22.1,1600,41,36.9,0,0,3,0.7,40,35,105.2,100,1
19900726,224,47,36644,0,0,0,0,0,0,0,0,0,1,2,802,7,1,0,1910,57.5,53,0.367,14.5,70,0.625,58,20.2,1600,42,37.8,3,0,3,1,40,35,105.2,100,1
19900723,225,10,35683,0,0,0,0,0,0,0,0,0,1,2,802,7,1,0,1911,62.5,61,0.3,14,85,0.75,50,3.5,1660,56.8,39.7,2,0,3,1,32,40,93.75,100,1
19900723,226,10,35683,0,0,0,0,0,0,0,0,0,1,2,802,2,1,0,1910,65,61,0.367,14.8,80,0.375,45,19.5,1660,42.4,38.1,0,0,3,1,32,35,105.2,100,1
19900723,227,48,34685,1,0,0,0,0,1,1,0,0,0,0,828,2,0,1,1911,50,61,0.267,14.2,88,1,29,0,2350,52.6,47.4,0,0,2.5,1.1,30,40,93.75,100,1
19900723,211,48,34685,1,0,0,0,0,1,1,0,0,0,0,828,10,0,1,1910,50,61,0.333,13,72,1,41,0,2350,58.8,41.2,0,0,2,1,30,35,105.2,100,1
19900723,228,4,34894,1,0,0,0,0,1,1,0,0,1,0,821,2,0,1,1910,45,61,0.4,14,78,0.75,20,25.6,2100,42.7,31.7,0,0,2.5,0.8,30,35,105.2,100,1
19900723,229,4,34894,1,0,0,0,0,1,1,0,0,0,0,821,7,0,1,1910,50,61,0.333,13.1,70,0.75,25,21.7,2100,41.7,36.6,5,0,2.5,0.8,30,35,105.2,100,1
19900620,230,13,34547,1,0,0,0,0,1,1,0,0,0,0,827,2,2,1,1910,32.5,54,0.267,15.5,78,1,25,0,1900,58.8,41.2,10,0,2.5,0.5,30,35,93.3,100,1
19900620,231,13,34547,1,0,0,0,0,1,1,0,0,0,0,827,9,2,1,1910,32.5,54,0.5,15.5,78,1,25,0,1900,58.8,41.2,10,0,1.4,0.8,30,35,103.2,100,1
19900719,232,12,36066,1,0,0,0,0,1,1,0,0,0,0,827,9,0,1,1911,40,54,0.2,15,72,0.75,35,0,2500,58.5,41.5,0,0,2.1,1.1,30,40,100,100,1
19900719,21,12,36066,1,0,0,0,0,1,1,0,0,0,0,827,2,0,1,1911,40,54,0.367,15,78,0.75,20,0,2500,61.1,38.9,0,0,2.5,0.7,30,40,100,100,1
19900718,233,12,36066,1,0,0,0,0,1,1,0,0,0,0,824,9,0,1,1910,45,54,0.2,15,80,0.8125,20,0,2000,58.8,41.2,0,0,1.5,0.6,33,35,111.1,100,1
19900806,234,49,34493,0,0,0,0,0,1,0,0,0,1,1,816,9,0,0,1910,55,51,0.167,16,75,0.5,30,0,1800,58.8,41.2,0,0,2.1,1,30,35,100,100,0
19900730,235,4,34896,1,0,0,0,0,1,1,0,0,0,0,828,2,0,0,1910,40,54,0.4,15.2,88,0.875,20,5.9,2300,49.5,44.6,8,0,2.5,1,33,35,111.1,100,1
19900730,236,4,34896,1,0,0,0,0,1,1,0,0,0,0,828,9,0,0,1910,40,54,0.333,14.7,90,0.875,20,0,2300,52.6,47.4,4,0,3,1.1,33,35,111.1,100,1
19900730,237,40,23050,0,0,0,0,0,0,0,0,0,0,1,816,2,1,0,1910,57.5,54,0.367,16.2,79,0.5,23,19,1500,47.6,33.4,5,0,3,1,32,35,93.3,100,1
19900727,238,47,36644,0,0,0,0,0,0,0,0,0,1,2,802,2,1,0,1910,60,53,0.333,16.5,88,0.75,55,22.1,1550,41,36.9,0,0,3,0.8,40,35,105.1,100,1
19900730,239,40,23050,0,0,0,0,0,0,0,0,0,0,1,816,9,1,0,1910,55,54,0.3,15.8,79,0.5,30,12.4,1500,51.5,36.1,0,0,3,0.5,32,35,93.3,100,1
19900727,213,47,36644,0,0,0,0,0,0,0,0,0,1,2,802,7,1,0,1910,60,53,0.3,14.7,70,0.75,50,20.2,1550,42,37.8,3,0,3,1,40,35,111.1,100,1
19900801,240,12,36882,1,0,0,0,0,1,1,0,0,0,1,816,2,0,1,1910,45,53,0.3,15.2,78,1,20,13.3,2150,51,35.7,2,0,2.5,1.1,30,35,111.1,100,1
19900811,241,12,36882,1,0,0,0,0,1,1,0,0,0,1,816,9,0,1,1910,35,53,0.267,14.7,80,1,20,5.5,2150,55.6,38.9,0,0,2.5,0.4,30,35,111.1,100,1
19900804,242,49,34483,1,0,0,0,0,1,0,0,0,0,1,816,2,0,0,1910,35,55,0.5,15,70,0.5,32,0,1950,58.8,41.2,0,0,2.5,1.3,30,35,100,100,0
19900805,242,49,34493,1,0,0,0,0,1,1,0,0,1,1,816,2,0,0,1910,35,55,0.233,15,70,0.5,35,0,2000,58.8,41.2,0,0,2.5,1.5,30,35,100,100,0
19900811,234,49,34493,0,0,0,0,0,1,0,0,0,1,1,816,9,0,0,1910,55,54,0.333,17,94,0.25,26,0,1900,56.8,43.2,0,0,2.5,0.9,30,35,100,100,1
19900811,243,49,34493,1,0,0,0,0,1,0,0,0,1,1,816,2,0,0,1911,55,54,0.2,14,80,0.3125,34,3.4,1900,56.8,39.8,0,0,2.5,1.3,30,40,106.7,100,1
19900807,244,15,34585,1,0,0,0,0,1,1,0,0,0,0,828,2,0,1,1910,30,50,0.2,15.6,84,1,20,0,2400,58.8,41.2,4,0,2.5,0.9,33,35,96.8,100,1
19900807,245,15,34585,1,0,0,0,0,1,1,0,0,0,0,828,9,0,1,1910,30,50,0.333,15.8,92,1,20,0,2400,58.5,41.2,2,0,3,1.4,33,35,96.8,100,1
19900810,246,30,36776,0,0,0,0,0,0,0,0,1,0,2,802,7,1,0,1910,45,50,0.2,14.5,70,0.75,42,5.3,1700,52.6,42.1,0,0,3,0.8,40,45,100,100,1
19900810,247,30,36776,0,0,0,0,0,0,0,0,1,0,2,802,2,2,0,1910,40,50,0.267,13.5,75,0.75,45,0,1700,58.8,41.2,0,0,3,0.6,40,35,100,100,1
19900809,88,0,25433,0,0,0,0,0,0,0,0,0,0,0,821,7,0,0,1910,50,50,0.2,16.2,75,0.75,25,3.3,1850,54.9,41.8,2,0,2.7,0.9,40,35,100,100,1
19900813,248,50,38016,0,0,0,0,0,0,0,0,0,1,2,802,7,1,5,1910,45,54,0.333,14.8,70,0.75,50,13,1420,54.3,32.6,0,0,3,0.9,28,35,106.9,100,1
19900813,249,50,38016,0,0,0,0,0,0,0,0,0,1,2,802,2,1,5,1910,45,54,0.233,14.3,67,0.75,45,12.3,1420,51.5,36.1,0,0,3,0.6,28,35,106.9,100,1
19900812,170,13,34549,1,0,0,0,0,1,1,0,0,1,1,815,2,2,1,1911,45,54,0.267,14,90,0.75,30,0,2000,58.8,41.2,0,0,3,1,33,40,103.3,100,1
19900812,250,51,34175,1,0,0,0,0,1,1,0,0,1,0,821,7,0,0,1910,30,54,0.233,15.8,68,0.75,25,6.4,2000,53.2,40.4,4,0,2.3,0.8,35,35,106.9,100,1
19900813,251,49,34493,1,0,0,0,0,1,1,0,0,0,0,824,9,0,0,1910,30,54,0.5,13.6,70,0.8125,30,0,2000,58.8,41.2,0,0,2.3,0.9,30,35,100,100,1
19900812,252,51,34175,1,0,0,0,0,1,1,0,0,0,0,821,2,0,0,1910,30,54,0.333,16.8,71,0.75,25,18,2000,45,36.9,0,0,2.5,0.9,35,35,106.9,100,1
19900813,253,49,34493,1,0,0,0,0,1,1,0,0,0,0,824,2,0,0,1910,30,54,0.167,14.6,70,0.8125,30,0,2000,58.8,41.2,0,0,1.5,0.6,30,35,106.9,100,1
19900814,254,13,34549,1,0,0,0,0,1,1,0,0,0,1,816,9,2,1,1910,45,54,0.167,18,90,0.5,26,8.3,1875,52.1,39.6,0,0,3,1,33,35,106.9,100,1
19900812,52,13,34549,1,0,0,0,0,1,1,0,0,0,1,815,9,2,1,1910,45,54,0.367,15,100,0.75,33,2.3,2000,56.8,40.9,0,0,2.75,0.9,33,35,106.9,100,1
19900819,255,50,38016,0,0,0,0,0,0,0,0,0,0,3,813,1,1,0,1910,45,56,0.3,15.5,78,0.75,20,11.1,1350,55.5,33.3,0,0,2.2,0.9,28,35,100,100,1
19900819,256,50,38016,0,0,0,0,0,0,0,0,0,0,3,813,5,1,0,1911,45,56,0.233,16,64,0.75,20,11.1,1350,55.5,33.3,0,0,2.5,0.5,28,40,103.3,100,1
19900818,257,52,34154,0,0,0,0,0,0,0,0,0,1,0,828,2,0,0,1910,45,56,0.333,14.9,85,1,30,17.3,1600,48.1,34.6,0,0,2.8,1,40,35,100,100,1
19900818,258,52,34154,0,0,0,0,0,0,0,0,0,1,0,828,10,0,1,1910,30,56,0.367,14.7,83,1,30,10.8,1600,53.8,35.5,0,6,2.6,1.2,40,35,100,100,1
19900820,259,15,34585,1,0,0,0,0,1,1,0,0,0,0,828,2,0,1,1910,57.5,57,0.367,15.3,84,1,30,19,2400,47.6,33.3,0,0,3,1,33,40,93.75,100,1
19900820,42,15,34585,1,0,0,0,0,1,1,0,0,0,0,828,10,0,1,1910,57.5,57,0.2,14.2,78,1,30,10.5,2400,52.6,36.8,0,0,2.5,1,33,40,93.75,100,1
19900830,260,53,38061,0,0,0,0,0,0,0,0,1,0,1,815,1,2,0,1911,47.5,49,0.367,15,84,0.75,28,2.2,1600,54.3,43.5,0,0,3,0.9,34,30,108.1,100,0
19900831,261,0,25437,0,0,0,0,0,0,0,0,0,1,0,821,7,0,0,1911,57.5,51,0.333,15.2,70,0.625,25,11.1,1850,50.5,38.4,3,0,2.5,0.8,34,30,100,100,1
19900831,183,0,25437,0,0,0,0,0,0,0,0,0,1,0,821,2,0,0,1911,57.5,51,0.267,15.6,81,0.75,25,9.8,1850,49,41.2,0,0,2.7,0.6,34,30,100,100,1
19900825,262,15,38013,1,0,0,0,0,0,1,0,0,0,0,824,2,0,0,1910,40,55,0.533,15.4,80,0.8125,30,10.2,2400,51,38.8,0,0,1.7,0.7,30,45,93.75,100,1
19900825,233,15,38013,1,0,0,0,0,0,1,0,0,0,0,824,9,0,0,1910,45,55,0.3,16.1,82,0.75,30,0,2400,58.8,41.2,0,0,2,0.8,30,45,93.75,100,1
19900824,263,54,34399,0,0,0,0,0,0,0,0,0,0,3,813,1,1,0,1911,40,54,0.3,15,70,0.75,20,10,1700,50,40,0,0,2.5,0.8,60,30,100,100,1
19900824,35,54,34399,0,0,0,0,0,0,0,0,0,0,3,813,5,1,0,1910,42.5,54,0.3,15,70,0.75,20,13.4,1500,48.1,38.5,2,0,2.5,1,60,45,93.75,100,1
19900821,40,32,34066,0,0,0,0,0,0,0,0,0,1,2,802,7,1,1,1910,52.5,55,0.333,14,70,0.625,55,7.9,1600,57.5,34.44,4,0,3,0.8,40,45,93.75,100,1
19900821,264,32,34066,0,0,0,0,0,0,0,0,0,0,2,802,2,1,1,1910,52.5,55,0.433,14,80,0.75,55,9.9,1600,49.5,40.6,0,0,3,0.5,40,45,93.75,100,1
19900921,265,13,34551,1,0,0,0,0,1,1,0,0,0,1,815,1,2,1,1910,35,72,0.367,15.2,72,1,36,0,2200,65.2,34.8,0,0,2.5,1,30,40,93.6,90,0
19900921,265,13,34551,1,0,0,0,0,1,1,0,0,1,1,815,1,2,1,1910,35,56,0.267,15,70,1,33,0,2350,65.2,34.8,0,0,2.5,1,30,40,93.75,90,0
19900920,266,26,34749,1,1,0,0,0,1,1,0,0,1,1,816,2,0,1,1911,55,46,0.2,16,72,0.5,32,0,1673,58.8,41.2,0,0,2.5,1.5,30,40,100,100,0
19900913,267,13,34551,1,0,0,0,0,1,1,0,0,1,1,815,1,2,1,1910,40,60,0.2,15.5,73,0.75,28,0,1850,65.2,34.8,0,0,2.8,1,30,40,100,90,0
19900909,268,1,47103,0,0,0,0,0,0,0,0,0,1,2,802,7,1,0,1911,60,50,0.233,14.5,70,0.75,45,15.6,1650,45.8,38.5,2,0,2.5,1,40,40,100,100,1
19900909,269,1,47105,0,0,0,0,0,0,0,0,0,1,1,816,2,1,0,1910,60,50,0.267,14.9,88,0.375,32,10.3,1700,51.5,38.1,5,0,3,1.3,40,40,103.3,100,1
19900909,270,1,47103,0,0,0,0,0,0,0,0,0,1,2,802,2,1,0,1910,60,50,0.3,14.5,60,0.75,40,19,1650,47.6,33.3,0,0,2.5,1,40,40,103.3,100,1
19900909,154,1,47105,0,0,0,1,0,0,0,0,0,1,1,816,9,1,0,1910,65,50,0.267,15,86,0.25,28,10.5,1700,52.6,36.8,2,0,2.5,0.6,40,40,103.3,100,1
19900910,271,1,47105,0,0,0,0,0,0,0,0,0,0,3,813,5,1,0,1911,55,47,0.367,13,70,0.75,20,14.1,1600,50.5,35.3,0,0,2.5,0.5,40,35,106.25,100,1
19900910,272,1,47105,0,0,0,0,0,0,0,0,0,0,3,813,1,1,0,1911,65,47,0.367,12,68,0.75,20,0,1600,58.8,41.2,0,0,2.8,0.8,40,35,106.25,100,1
19900910,273,1,47105,0,0,0,0,0,1,1,0,0,0,3,813,10,1,0,1911,55,47,0.233,15.5,74,0.75,20,0,1600,62.5,37.5,0,0,2.5,1,40,35,106.25,100,1
19900910,274,1,47105,0,0,0,0,0,1,1,0,0,0,3,813,9,1,0,1910,55,47,0.2,14,71,0.75,20,0,1600,62.5,37.5,0,0,2.5,0.7,40,40,90.3,100,1
19900915,154,1,47105,0,0,0,0,0,0,0,0,0,0,1,816,9,1,0,1910,65,60,0.267,14.5,80,0.25,38,15.8,1900,49.5,34.6,0,0,2.9,0.7,40,40,103.3,100,1
19900915,269,1,47105,0,0,0,0,0,0,0,0,0,0,1,816,2,1,0,1910,60,60,0.267,14,76,0.375,30,10.3,1900,51.5,38.1,5,0,2.6,1.1,40,40,103.3,100,1
19900924,265,13,34551,1,0,0,0,0,1,1,0,0,1,1,815,1,2,1,1910,40,49,0.267,14,82,0.625,30,0,2150,65.2,34.8,1,0,2.5,0.9,30,40,93.75,90,0
19901002,275,3,36197,1,0,0,0,0,0,1,0,0,1,1,815,1,0,0,1910,55,50,0.133,14,80,0.625,32,8,2000,60,32,0,0,2.5,0.9,35,40,93.55,90,0
19901002,275,3,36197,1,0,0,0,0,0,1,0,0,0,1,815,1,0,0,1910,55,48,0.367,14.5,76,0.5,30,8,2000,60,32,0,0,2.5,1,35,40,93.55,90,0
19901003,232,0,25441,0,0,0,0,0,0,0,0,0,1,0,821,7,0,0,1910,55,50,0.267,17,89,1,22,10.4,1650,52.1,37.5,0.75,0,2.5,1.1,34,40,93.55,90,0
19901002,195,3,36197,1,0,0,0,0,0,0,0,0,0,1,816,2,0,5,1911,55,50,0.2,17,78,0.25,32,9.7,1900,52.2,38.1,0,0,3,0.9,35,40,96.97,90,0
19901001,63,23,34754,1,0,1,0,0,1,1,0,0,0,0,824,2,0,1,1910,42.5,48,0.2,16,70,0.8125,35,0,2050,66.7,33.3,2,0,1.7,1,30,40,93.55,90,1
19901001,276,23,34754,1,0,1,0,0,1,1,0,0,1,0,824,9,0,1,1910,42.5,48,0.2,15,76,0.875,30,3.6,2050,60.2,36.2,0,0,2.5,1,30,40,93.55,90,1
19900926,277,49,36578,1,0,0,0,0,1,1,0,0,1,0,827,9,0,5,1911,35,48,0.233,14.5,76,0.75,20,0,2225,62.5,37.5,4,0,2.7,1.2,33,40,106.25,90,1
19900926,278,49,36578,1,0,0,0,0,1,1,0,0,1,0,827,2,0,5,1911,35,48,0.3,14.5,74,0.75,20,0,2225,62.5,37.5,4,0,2,1.2,33,40,106.25,90,1
19900926,279,13,34551,1,0,0,0,0,1,1,0,0,0,1,815,9,2,1,1910,30,48,0.233,15,88,0.75,35,7.7,1700,57.7,34.6,0,0,2.8,0.8,30,40,100,90,1
19900926,141,0,25440,0,0,0,0,0,0,0,0,0,1,0,821,2,0,0,1911,47.5,49,0.433,14.5,88,0.625,25,34.5,2000,43.5,22,0,0,2.5,0.7,40,40,96.97,90,1
19900924,270,1,47105,0,0,0,0,0,0,0,0,0,0,3,813,1,1,0,1911,60,48,0.367,14,76,1,20,5.6,1600,55.6,38.8,0,0,2.5,0.7,40,40,96.97,90,1
19900924,268,1,47105,0,0,0,0,0,0,0,0,0,0,3,813,5,1,0,1911,60,48,0.4,16,72,1,20,15.2,1600,44.6,40.2,0,4,2.1,0.7,40,40,96.97,90,1
19901006,280,3,36197,1,0,0,0,0,0,0,0,0,1,1,816,9,0,0,1911,47.5,52,0.3,15.2,76,0.75,30,17.5,1700,48.7,33.8,0,0,2.5,0.8,35,40,114.3,100,0
19901007,281,55,38059,0,0,0,0,0,0,0,0,0,0,2,802,7,1,0,1911,42.5,52,0.333,16.8,80,0.625,40,0,1700,54.3,45.7,3,0,3,1,34,40,107.4,100,1
19901007,282,3,36197,1,0,0,0,0,0,0,0,0,0,1,815,9,0,5,1911,47.5,53,0.3,15,72,0.75,25,22,1500,45.9,32.1,0,0,2.5,0.8,35,40,114.3,100,0
19901004,283,3,36197,1,0,0,0,0,0,0,0,0,0,1,815,2,0,5,1911,47.5,58,0.333,14,85,0.75,28,16.5,1800,48.5,35,0,0,2.5,0.5,35,40,114.3,100,0
19901001,195,3,36197,1,0,0,0,0,0,0,0,0,0,1,816,2,0,5,1910,55,48,0.233,18,76,0.25,24,10,1600,60,30,0,0,3,0.9,35,40,93.55,90,0
19901005,284,56,38218,1,0,0,0,0,1,1,0,0,0,0,821,7,0,1,1911,30,52,0.333,16.5,80,0.625,40,0,1800,58.1,41.9,1,0,2.5,0.4,35,40,107.4,100,0
19901007,285,55,38059,0,0,0,0,0,0,0,0,0,1,2,802,2,1,0,1910,42.5,52,0.233,18,70,0.625,45,0,1700,58.8,41.2,0,0,3,0.7,34,40,103.125,100,1
19901010,152,0,25443,0,0,0,0,0,0,0,0,0,0,0,821,7,0,0,1911,47.5,54,0.3,14,65,0.625,25,16.1,1500,44.6,39.3,4,0,2.5,1,34,40,114.29,100,0
19901017,201,57,38240,0,0,0,0,0,0,0,0,1,0,2,802,7,1,5,1911,60,46,0.333,15,80,0.625,50,12.4,1391,51.5,36.1,2,0,2.7,1,38.5,40,114.29,100,1
19901017,286,57,38240,0,0,0,0,0,0,0,0,1,0,2,802,2,1,5,1911,60,46,0.333,15,70,0.625,50,19,1391,47.6,33.3,0,0,2.7,0.7,38.5,40,114.29,100,1
19901010,287,13,34522,1,0,0,0,0,1,0,0,0,0,1,816,9,2,0,1911,35,50,0.3,14,74,0.25,28,0,2500,58.8,41.2,0,0,2.5,0.7,30,40,114.29,100,1
19901010,170,13,34522,1,0,0,0,0,1,0,0,0,0,1,816,2,2,0,1911,40,50,0.3,13,74,0.25,25,0,2500,58.8,41.2,2,0,2.5,0.5,30,40,114.29,100,1
19901008,288,15,34587,1,0,0,0,0,1,1,0,0,1,0,827,2,0,1,1911,30,53,0.333,14,85,0.75,30,15,2290,50,35,0,0,2,1.5,33,40,110.7,100,1
19901008,289,15,34587,1,0,0,0,0,1,1,0,0,1,0,827,9,0,1,1911,30,53,0.3,15,80,0.75,30,15,2290,50,35,0,0,2.5,1,33,40,110.7,100,1
19901014,290,23,34756,1,0,1,0,0,1,1,0,0,0,0,824,2,0,1,1911,30,54,0.333,16.3,80,0.8125,30,0,2100,60,40,3,0,2.5,1.2,30,40,114.29,100,1
19901014,291,23,34756,1,0,1,0,0,1,1,0,0,0,0,824,9,0,1,1911,30,54,0.2,14.9,72,1.25,30,3.6,2100,60.2,36.1,1.5,0,2.5,1.2,30,40,114.29,100,1
19901027,292,16,34996,1,0,0,0,0,1,1,0,0,0,1,816,9,0,0,1910,35,43,0.367,13,75,0.75,20,0,2000,62.5,37.5,0,0,2.5,1.1,30,40,100,100,0
19901101,293,0,25445,0,0,0,0,0,0,0,0,0,0,0,821,7,0,0,1910,52.5,43,0.267,15,71,0.75,28,7.4,1500,53.2,39.4,0,0,2.5,1,34,40,98.3,100,0
19901102,294,3,36165,0,0,0,0,0,0,0,0,0,1,0,828,2,0,0,1910,65,43,0.2,16,78,0.75,30,12,2100,46.3,41.7,0,0,2,1,40,40,100,100,0
19901031,276,3,36165,0,0,0,0,0,0,0,0,0,1,0,828,9,0,0,1910,65,42,0.233,17.5,100,1.125,25,17.5,2250,48.5,34,0,0,2.5,1,40,40,100,100,1
19901031,294,3,36165,0,0,0,0,0,0,0,0,0,1,0,828,2,0,0,1910,65,42,0.2,17,80,1,22,15,2250,50,35,1,0,2.5,1,40,40,100,100,1
19901102,295,15,34588,1,0,0,0,0,1,1,0,0,0,1,815,9,0,1,1910,37.5,43,0.2,16,76,0.9375,20,0,2180,62.5,37.5,2,0,2.9,1.2,33,40,96.77,100,0
19901023,296,12,36059,0,1,0,0,0,1,1,0,0,0,1,815,2,0,1,1911,55,42,0.2,16.1,73,0.625,30,0,2000,61.9,38.1,0,0,2.8,1,30,40,100,100,0
19901027,292,14,34996,1,0,0,0,0,1,1,0,0,0,1,816,9,0,0,1910,35,43,0.367,13,75,0.75,20,0,2000,62.5,37.5,0,0,2.5,1.1,30,40,100,100,0
19901030,297,14,34996,1,0,0,0,0,1,1,0,0,0,1,816,9,0,0,1910,35,42,0.3,15.9,78,0.375,32,0,2150,62.5,37.5,0,0,1.7,0.9,30,40,101.67,100,0
19901031,298,15,34588,1,0,0,0,0,1,1,0,0,1,1,815,2,0,1,1910,40,43,0.233,15.5,85,0.75,25,4.7,2000,58.1,37.2,0,0,2.5,1,33,40,96.77,100,0
19901102,299,15,34588,1,0,0,0,0,1,1,0,0,0,1,815,2,0,1,1910,40,43,0.267,17.2,78,0.9375,20,1,2180,58.3,40.7,2,0,2.4,0.8,33,40,96.77,100,0
19901107,42,0,25466,0,0,0,0,0,0,0,0,0,0,0,821,7,0,0,1910,50,43,0.267,17,72,0.625,30,14.3,1600,47.6,38.1,0,0,2.5,1,34,40,96.77,100,0
19901114,300,0,25477,0,0,0,0,0,0,0,0,0,1,0,821,7,0,0,1911,50,42,0.2,17,73,0.4375,20,18.5,1800,46.3,35.1,2,0,2.5,1,34,40,100,100,0
19901108,65,1,47106,0,0,0,0,0,0,0,0,0,0,2,802,2,1,1,1910,40,43,0.2,13.5,76,0.75,52,4.4,1726,55,40.6,0,0,3,1,40,40,96.77,100,1
19901105,301,29,34716,1,0,0,0,0,0,1,0,0,0,1,816,9,0,0,1910,40,43,0.267,16.4,79,0.3125,35,0.5,2400,59.5,40,0.5,0,2.6,1.1,35,40,96.77,100,1
19901109,301,29,34716,1,0,0,0,0,0,1,0,0,1,1,816,9,0,0,1910,40,51,0.233,15,70,0.25,24,0.5,0,59.5,40,0,0,3,1,35,40,100,100,0
19901108,302,14,34997,1,0,0,0,0,1,1,0,0,1,1,815,1,0,1,1910,32.5,43,0.2,13,80,0.75,28,0,1500,62.5,37.5,0,0,0,0,30,40,100,100,0
19901105,105,29,34716,1,0,0,0,0,0,1,0,0,0,1,816,2,0,0,1910,40,43,0.233,15.6,81,0.5,34,0,2400,62.5,37.5,5,0,2.5,0.9,35,40,96.77,100,1
19901107,303,29,34716,1,0,0,0,0,0,1,0,0,0,1,816,7,0,0,1910,37.5,43,0.2,15.8,80,0.5,32,0,2400,62.5,37.5,5,0,2.5,0.9,35,40,96.77,100,1
19901105,304,13,34553,1,0,0,0,0,1,1,0,0,0,0,827,2,2,1,1910,45,42,0.267,14.9,75,1,25,10.5,1660,52.6,36.9,0,0,2.5,1,30,40,101.67,100,1
19901105,158,13,34553,1,0,0,0,0,1,1,0,0,0,0,827,9,2,1,1910,45,42,0.2,14,80,0.75,20,7.6,1700,54.3,38.1,0,0,2.5,1,30,40,101.67,100,1
19901107,305,3,36166,1,0,0,0,0,0,1,0,0,1,0,828,2,0,0,1910,45,43,0.2,16,80,0.75,30,3.1,2200,51,45.9,0,0,2.5,1.3,35,40,103.33,100,1
19901107,306,3,36166,1,0,0,0,0,0,1,0,0,1,0,828,9,0,0,1910,50,43,0.2,15.5,72,0.75,30,5.1,2200,50.6,44.3,0,0,2.5,1.3,35,40,96.77,100,1
19901106,307,1,47106,0,0,0,0,0,0,0,0,0,1,2,802,7,1,0,1910,40,45,0.233,13.6,90,0.75,45,0,1386,62.5,37.5,0,0,3,0.7,40,40,96.77,100,0
19901113,307,1,47106,0,0,0,0,0,0,0,0,0,1,2,802,7,1,0,1910,40,42,0.2,15,65,0.75,55,0,1650,62.5,37.5,0,0,2.5,1,40,40,96.77,100,0
19901117,308,56,34442,0,0,0,0,0,0,0,0,0,1,0,821,7,0,0,1910,50,43,0.267,14,74,0.625,20,2.2,1800,56.2,41.6,0,0,3,1,38,40,96.875,100,0
19901114,309,14,34997,1,0,0,0,0,1,1,0,0,0,1,815,9,0,1,1910,50,47,0.2,16.2,74,0.75,28,10.8,2000,53.4,35.8,0,0,2.5,1.3,30,40,100,100,0
19901115,310,14,34997,1,0,0,0,0,1,1,0,0,0,1,815,2,0,1,1910,50,47,0.267,16,92,0.75,35,0,1800,68,32,1,0,2.6,1.2,30,40,100,100,0
19901125,311,23,34759,1,0,1,0,0,1,1,0,0,0,1,816,1,2,1,1910,32.5,47,0.267,16.1,88,0.3125,28,0,2189,62.5,37.5,0,0,2.4,0.8,30,40,100,100,1
19901125,312,23,34759,1,0,1,0,0,1,1,0,0,0,1,816,2,2,1,1910,32.5,47,0.2,20,79,0.3125,29,0,2189,58.1,41.9,5,0,2.5,1.25,30,40,100,100,1
19901119,313,25,34781,1,0,0,0,0,0,1,0,0,0,1,816,2,0,0,1910,70,43,0.3,18.1,78,0.5,28,14.4,2125,48.1,37.5,5,0,3,0.9,33,40,100,100,1
19901119,314,25,34781,1,0,0,0,0,0,1,0,0,0,1,816,9,0,0,1910,70,43,0.233,16,77,0.8175,28,15.9,2125,46.5,37.6,3,0,1.75,0.6,33,40,100,100,1
19901125,315,23,34759,1,0,1,0,0,1,1,0,0,0,1,816,9,2,1,1910,40,47,0.2,16.53,78,0.8125,24,0,2189,58.8,41.2,0,0,2,0.8,30,40,100,100,1
19901116,316,14,34997,1,0,0,0,0,1,1,0,0,0,1,815,2,0,1,1910,32.5,45,0.233,14,94,0.625,25,0,1800,66.7,33.3,0,0,2.1,1,30,40,100,100,0
19901124,317,23,34259,1,0,1,0,0,1,1,0,0,1,1,815,1,2,1,1911,40,47,0.267,15,88,0.5,34,0,1700,62.5,37.5,0,0,0,0,30,40,100,100,0
19901120,65,1,47106,0,0,0,0,0,0,0,0,0,0,2,802,2,1,0,1911,40,46,0.3,15,70,0.75,50,0,1800,53.9,46.1,0,0,2.5,1,40,40,100,100,0
19901121,307,1,47106,0,0,0,0,0,0,0,0,0,1,2,802,7,1,0,1911,40,50,0.233,14,70,0.75,45,0,1800,60.2,39.8,0,0,2.5,1,40,40,100,100,0
19901114,55,0,25447,0,0,0,0,0,0,0,0,0,1,0,821,2,0,0,1911,45,41,0.2,15,78,0.75,20,14.6,1800,48.5,36.9,0,0,2.5,1,34,40,100,100,1
19901115,318,13,34554,1,0,0,0,0,0,1,0,0,0,0,827,2,2,0,1910,45,42,0.2,14,75,1,20,11.2,1800,51,37.8,8,0,2.5,1,35,40,100,100,1
19901115,173,13,34554,1,0,0,0,0,0,1,0,0,0,0,827,9,2,0,1911,45,42,0.333,14,75,1,20,0,1800,58.9,41.1,8,0,3,2,35,40,100,100,1
19901113,319,3,36167,1,0,0,0,0,0,1,0,0,0,0,828,2,0,3,1910,45,41,0.333,15.8,78,1,40,0,2300,62.5,37.5,4,0,2.5,1.4,35,40,100,100,1
19901113,245,3,36167,1,0,0,0,0,0,1,0,0,0,0,828,9,0,3,1910,45,41,0.2,14.6,74,1,32,21,2300,47.6,31.4,4,0,2.5,1.1,35,40,96.77,100,1
19901206,320,0,25450,0,0,0,0,0,0,0,0,0,0,0,821,7,0,0,1910,45,42,0.4,14.8,72,0.625,20,0,1800,58.8,41.2,0,0,2.5,0.9,34,40,106.25,100,1
19901206,301,58,36805,0,0,0,0,0,0,0,0,0,0,1,815,9,0,5,1910,50,42,0.267,16,88,0.75,33,11.5,1650,52.1,36.4,0,0,2.5,1,38,40,106.25,100,1
19901206,310,58,36805,0,0,0,0,0,0,0,0,0,1,1,815,2,0,5,1910,50,42,0.3,17,88,0.75,30,0,1600,62.5,27.5,5,0,2.6,1,38,40,106.25,100,0
19901206,310,58,36805,0,0,0,0,0,0,2,0,0,0,1,815,2,0,5,1910,50,42,0.233,15,90,1,35,0,1650,55.5,44.5,0,0,2.5,1,38,40,100,100,0
19901206,321,0,25450,0,0,0,0,0,0,0,0,0,0,0,821,2,0,0,1911,50,42,0.367,15.5,73,0.625,20,3.6,1800,60.2,36.2,0,0,2.5,0.9,34,40,106.25,100,1
19901208,322,32,38120,0,0,0,0,0,0,2,0,0,0,1,815,2,1,0,1910,45,43,0.3,20,84,0.625,33,0,1200,50,35,0,0,2.5,0.5,40,40,106.25,100,0
19901209,323,48,34692,1,0,0,0,0,1,0,0,0,1,0,824,2,0,1,1910,45,42,0.3,15,70,0.8125,40,0,1500,58.8,41.2,3,0,2,1,30,40,100,100,0
19901209,324,30,35001,0,0,0,0,0,0,0,0,0,0,1,816,9,2,0,1910,40,42,0.2,12.7,84,0.5,32,0,1750,62.5,37.5,0,0,2.5,0.9,40,40,100,100,1
19901209,115,8,23048,0,0,0,0,0,0,0,0,0,0,0,821,7,0,0,1910,40,42,0.333,15.5,64,0.625,20,10.5,1550,52.6,36.9,0,0,2,0.6,40,40,106.25,100,1
19901209,325,8,23048,0,0,0,0,0,0,0,0,0,0,0,821,2,0,0,1910,40,42,0.333,16,78,0.625,20,0,1550,62.5,37.5,0,0,2.5,1,40,40,106.25,100,1
19901209,326,59,27490,1,0,0,0,0,0,1,0,0,1,2,802,2,1,0,1910,32,42,0.233,16,70,0.625,46,0,1350,60.2,39.8,0,0,3,1,34,40,100,100,1
19901209,327,59,27490,1,0,0,0,0,0,1,0,0,1,2,802,7,1,0,1910,32,42,0.233,16,70,0.625,48,0,1350,63.9,36.1,0,0,3,1,34,40,100,100,1
19901219,328,0,25452,0,0,0,0,0,0,0,0,0,0,0,821,7,0,0,1910,67.5,50,0.167,16.5,73,0.875,20,18.1,1800,47.6,34.3,0,0,2.5,0.8,34,40,110.71,100,0
19901222,329,32,38121,0,0,0,0,0,0,0,0,0,0,1,815,9,1,1,1911,45,60,0.3,16,88,0.75,33,0,1500,56.8,43.2,0,0,2.9,1.1,40,40,103.22,100,0
19901209,330,30,35001,0,0,0,0,0,0,2,0,0,1,1,816,2,2,0,1910,42,42,0.267,14.5,78,1,28,0,1800,61.7,38.3,0,0,2.5,2,40,40,100,100,0
19901211,331,32,38121,0,0,0,0,0,0,2,0,0,1,1,815,2,1,1,1910,45,40,0.3,16,89,0.625,22,0,1300,60,40,1,0,2.5,1,40,40,106.45,100,0
19901212,332,32,38121,0,0,0,0,0,0,2,0,0,1,1,815,2,1,1,1910,45,42,0.267,14,89,0.75,26,0,1450,58.8,41.2,1,0,2.5,1,40,40,103.22,100,0
19901215,333,40,35525,0,0,0,0,0,0,0,0,0,1,1,815,9,1,0,1910,40,54,0.3,14.8,87,0.75,29,0,1000,58.8,41.2,0,0,2.9,1,40,40,106.45,100,0
19901212,157,32,38121,0,0,0,0,0,0,0,0,0,1,1,815,9,1,1,1910,45,42,0.367,16,83,0.625,30,0,1950,58.8,41.2,0,0,2.5,1,40,40,106.45,100,0
19901215,334,60,34099,0,0,0,0,0,0,0,0,0,1,2,802,2,1,0,1910,45,41,0.267,13.3,70,0.75,50,0,1700,60.2,39.8,0,0,3,0.8,38,40,117.85,100,1
19901215,335,60,34099,0,0,0,0,0,0,0,0,0,1,2,802,7,1,0,1910,45,41,0.267,13.3,70,0.75,50,0,1700,63.9,36.1,0,0,3,0.7,38,40,117.85,100,1
19901209,324,30,35001,0,0,0,0,0,0,0,0,0,1,1,816,9,2,0,1911,35,42,0.2,15.5,80,1,26,0,1800,62.5,37.5,3,0,2.5,2,40,40,100,100,1
19901219,336,0,25452,0,0,0,0,0,0,0,0,0,0,0,821,2,0,0,1910,65,50,0.2,15.1,75,0.625,20,19,1800,47.6,33.4,0,0,2.7,0.6,34,40,110.71,100,1
19901212,337,0,25451,0,0,0,0,0,0,0,0,0,0,0,821,7,0,0,1910,55,40,0.3,15.1,69,0.625,20,19.5,1450,44.2,36.3,0,0,2.5,0.9,34,40,106.45,100,1
19901230,221,1,48201,0,0,0,0,0,0,0,0,0,0,1,815,2,1,0,1911,62,52,0.433,15,78,0.75,28,5.9,1400,58.8,35.3,4,0,2.5,0.8,40,40,103.22,100,0
19901210,338,13,34556,1,0,0,0,0,1,1,0,0,0,1,816,2,2,1,1910,37.5,42,0.2,16,70,0.375,28,0,2400,58.8,41.2,3,0,3,0.8,30,40,106.45,100,0
19901215,339,40,35525,0,0,0,0,0,0,0,0,0,0,1,815,2,1,0,1910,40,54,0.267,22.2,77,0.625,32,6.25,1000,56.25,37.5,0,0,3,1.2,40,40,106.45,100,0
19901212,340,13,34556,1,0,0,0,0,1,1,0,0,0,1,816,9,2,1,1910,37.5,40,0.2,14,80,0.25,24,0,2400,58.8,41.2,2,0,2.5,0.8,30,40,106.45,100,1
19901218,341,13,34556,1,0,0,0,0,1,1,0,0,0,1,816,2,2,1,1910,37.5,50,0.2,15.5,95,0.625,26,0,2350,62.5,37.5,1,0,2.6,0.6,30,40,106.45,100,1
19901214,279,13,34556,1,0,0,0,0,1,1,0,0,0,1,816,2,2,1,1910,37.5,41,0.2,15,80,0.5,30,0,2398,58.8,41.2,9,0,2.5,0.7,30,40,106.45,100,1
19901211,342,15,34590,1,0,0,0,0,1,1,0,0,0,0,827,9,0,1,1910,50,40,0.3,15,72,0.75,30,0,2233,58.8,41.2,8,0,1.5,1,33,40,106.45,100,1
19901211,343,15,34590,1,0,0,0,0,1,1,0,0,0,0,827,2,0,1,1910,50,40,0.233,15,88,0.75,30,0,2233,58.8,41.2,8,0,3,1,33,40,106.45,100,1
19901214,344,48,34693,1,0,0,0,0,1,1,0,0,0,0,828,2,0,1,1911,45,41,0.2,16.1,74,1,30,0,1800,62.5,37.5,1,0,2.5,1.2,30,40,106.45,100,1
19901214,345,48,34693,1,0,0,0,0,1,1,0,0,0,0,828,9,0,1,1910,50,41,0.2,15.7,80,1,43,0,1800,62.5,37.5,1,0,2.5,1.5,30,40,106.45,100,1
19901218,346,48,34694,1,0,0,0,0,1,1,0,0,0,0,824,2,0,1,1910,30,41,0.333,15.5,74,0.8125,30,2.5,1900,58,39.5,4.5,0,1.9,1.3,30,40,114.28,100,1
19901218,347,40,35525,0,0,0,0,0,0,0,0,0,0,1,815,2,1,0,1910,40,41,0.267,15.5,76,0.75,28,3.6,1750,60.2,36.1,4,0,3,1,40,40,117.85,100,1
19901230,348,0,25502,0,0,0,0,0,0,0,0,0,0,0,821,2,0,0,1911,52,52,0.267,16,78,0.75,30,14.1,1250,50.5,53.4,0,0,3,0.9,34,40,103.22,100,0
19910810,349,5,37001,0,0,0,0,0,0,0,0,0,1,2,802,7,1,0,1911,45,62,0.233,15,76,0.75,50,0,1500,58.8,41.2,0,0,3,1.2,38,40,103.225,100,0
19910815,131,48,35462,1,0,0,0,0,1,1,0,0,1,0,824,2,0,0,1911,40,58,0.2,17,75,0.05625,30,0,1900,58.8,41.2,0,0,2.6,1.4,30,40,103.225,100,0
19910829,350,5,37001,0,0,0,0,0,0,0,0,0,0,2,802,7,1,0,1910,60,60,0.233,15,80,0.75,56,14.3,1380,47.6,38.1,0,0,3,1,38,40,106.4,100,1
19910712,351,61,24780,1,0,0,0,0,0,1,0,0,0,1,816,9,1,0,1911,47.5,65,0.2,14,80,0.5,27,11.5,1725,52.1,36.4,3,0,3,0.9,34,40,103.125,100,1
19910804,352,3,37371,1,0,0,0,0,0,1,0,0,1,1,816,2,0,0,1910,40,58,0.2,15.5,84,0.375,25,9,2000,52.8,38.2,5,0,3,1.1,35,40,103.125,100,1
19910804,353,3,37371,1,0,0,0,0,0,1,0,0,0,1,816,9,0,0,1910,40,58,0.267,15,80,0.1875,20,3.2,2000,53.8,43,0,0,2.5,1,35,40,103.125,100,1
19910712,35,61,24780,1,0,0,0,0,0,1,0,0,0,1,816,2,1,0,1911,47.5,65,0.2,15.7,87,0.25,20,5.6,1725,55.6,38.9,3,0,3,0.85,34,40,103.125,100,1
19910719,170,13,88231,1,0,0,0,0,1,1,0,0,0,1,816,9,2,0,1910,40,62,0.2,13.7,91,0.375,32,5.6,2300,55.6,38.9,2,0,2.5,1,33,40,100,100,1
19910719,354,13,88231,1,0,0,0,0,1,1,0,0,0,1,816,2,2,0,1910,40,62,0.2,14.9,80,0.5,28,3.4,2303,56.8,39.8,2,0,2.5,0.6,33,40,100,100,1
19910727,355,15,37182,1,0,0,0,0,1,1,0,0,0,0,821,2,0,0,1911,45,58,0.2,15,75,0.625,20,10.5,2100,52.6,36.8,0,0,2.5,0.7,33,40,103.125,100,1
19910727,21,15,37182,1,0,0,0,0,1,1,0,0,0,0,821,7,0,0,1911,45,58,0.2,15,72,0.625,25,10.5,2100,52.6,36.8,5,0,2.5,0.8,33,40,103.125,100,1
19910718,261,0,25530,0,0,0,0,0,0,0,0,0,0,0,821,7,0,0,1910,42,58,0.233,16,78,0.5,25,0,1800,58.8,41.2,5,0,2.5,1,34,40,103.125,100,1
19911124,356,27,37970,1,0,0,0,0,0,1,0,0,0,2,802,2,1,0,1910,27.5,41,0.267,17.58,80,0.75,50,3.4,1490,56.8,39.8,0,0,3,1,35,40,103.125,100,1
19911124,357,27,37970,1,0,0,0,0,0,1,0,0,0,2,802,7,1,0,1911,35,41,0.267,16.66,78,0.75,50,7.6,1490,54.3,38,0,0,3,1,35,40,106.7,100,1
19910829,358,5,37001,0,0,0,0,0,0,0,0,0,0,2,802,2,1,0,1910,60,60,0.2,15,80,0.75,50,10.4,1380,47.2,42.5,0,0,3,1,38,40,106.5,100,1
19910807,359,61,24780,1,0,0,0,0,0,1,0,0,0,2,802,2,1,0,1910,40,60,0.2,15,80,0.625,50,0,1400,58.8,41.2,0,0,3,0.6,34,40,103.1,100,1
19910807,360,61,24780,0,0,0,0,0,0,1,0,0,0,2,802,7,1,0,1910,55,60,0.2,15,80,0.625,50,6.6,1400,54.9,38.5,6,0,3,1.1,34,40,103.1,100,1
19910817,361,30,35529,0,0,0,0,0,0,0,0,0,0,2,802,2,2,0,1910,45,58,0.2,17,72,0.75,20,3.2,1470,53.8,43,0,0,3,1,34,40,100,100,1
19910903,362,23,35874,1,0,1,0,0,1,1,0,0,1,0,824,2,0,0,1910,40,62,0.3,16.1,82,0.812,30,5.7,1800,56.8,37.5,10,0,0.7,0.5,30,40,106.5,100,1
19910903,83,23,35874,1,0,1,0,0,1,1,0,0,1,0,824,9,0,0,1911,40,62,0.233,16.1,78,0.5625,25,5.5,1800,55,39.5,0,0,1.6,1.5,30,40,103.23,100,1
19910729,363,12,37508,1,0,0,0,0,1,1,0,0,0,0,824,9,0,0,1910,45,57,0.233,15,88,0.5625,30,10.4,1900,52.1,37.5,0,0,2.5,1.8,30,40,100,100,1
19910818,364,12,37513,1,0,0,0,0,1,1,0,0,0,0,824,2,0,0,1911,40,59,0.3,16.4,85,0.8125,30,0,1900,58.8,41.2,10,0,2,0.8,30,40,96.88,100,1
19910730,20,4,35761,1,0,0,0,0,1,1,0,0,0,0,828,2,0,0,1910,35,59,0.2,16.1,82,0.75,28,0,2500,58.8,41.2,0,0,2.5,1.3,30,40,100,100,1
19910730,232,4,35761,1,0,0,0,0,1,1,0,0,0,0,828,9,0,0,1910,35,59,0.2,16.1,84,0.75,30,0,2500,55,45,0,0,2.5,1.1,30,40,100,100,1
19911211,365,62,37018,1,0,0,0,0,1,1,0,0,0,1,816,2,2,0,1911,42.5,47,0.2,16.2,78,0.75,30,0,2100,56.2,43.8,0,0,2.5,1.2,33,40,110,100,0
19910809,366,63,39200,0,0,0,0,0,0,0,0,0,1,1,815,2,1,0,1910,40,68,0.2,14.8,90,1,30,0,1440,58.8,41.2,0,0,2.5,1,40,40,103.13,100,0
19910806,352,3,37371,1,0,0,0,0,0,1,0,0,0,1,816,2,0,0,1910,40,60,0.2,15,85,1,25,6.9,2100,54,39.1,0,0,2.5,1.2,35,40,103.13,100,0
19910924,367,31,39027,0,0,0,0,0,0,0,0,0,0,1,816,2,1,0,1911,50,65,0.2,16,80,0.5,28,12.5,1550,50,37.5,0,0,2.5,1.5,34,40,106.45,100,0
19910923,368,31,39027,0,0,0,0,0,0,0,0,0,1,1,816,9,1,0,1910,50,60,0.267,16,78,0.5,28,4.5,1520,53,42,0,0,2.5,1.5,34,40,106.2,100,0
19910915,369,15,37189,1,0,0,0,0,1,1,0,0,0,1,815,2,0,0,1910,40,63,0.233,15.8,80,0.75,30,10.5,2000,52.6,36.9,0,0,3,1,33,40,109.7,100,0
19910802,370,12,37510,1,0,0,0,0,1,1,0,0,0,1,815,9,1,0,1910,40,60,0.2,14.5,85,1,35,0,1250,58.8,41.2,2.5,0,1.5,1,30,40,100,100,0
19910719,307,27,37964,1,0,0,0,0,0,1,0,0,0,1,815,2,1,0,1910,40,69,0.2,14.5,76,0.625,22,0,1250,58.8,41.2,1,0,2.5,1,35,40,100,100,0
19910729,371,12,37510,1,0,0,0,0,1,1,0,0,1,1,815,2,1,0,1910,45,61,0.2,14,98,0.75,30,0,1600,58.8,41.2,2,0,2.4,0.9,30,40,100,100,0
19910729,39,27,37965,1,0,0,0,0,0,1,0,0,1,1,816,9,1,0,1910,55,61,0.283,21,78,1,28,0,1500,58.8,41.2,3,0,2.5,0.7,35,40,100,100,0
19911209,372,62,37018,1,0,0,0,0,1,1,0,0,0,1,816,9,2,0,1911,42.5,52,0.2,16,82,0.75,30,0,2150,58.8,41.2,0,0,2.5,1,33,40,110,100,0
19920105,373,5,34250,0,0,0,0,0,0,2,0,0,1,1,816,2,1,0,1911,50,47,0.2,15,80,0.625,28,0,1750,59,41,0,0,1,1,38,40,91.89,100,0
19920115,374,1,47301,0,0,0,0,0,0,0,0,0,0,1,816,2,1,0,1910,55,44,0.2,14.3,78,0.25,32,0,1650,56.8,43.2,3,0,2.5,2.5,40,40,100,100,0
19920114,374,1,47301,1,0,0,0,0,0,0,0,0,0,1,816,2,1,0,1911,55,43,0.2,15.2,78,0.75,32,8.2,1500,51,40.8,2,0,2.7,1.8,40,40,106.25,100,0
19920110,374,1,47301,0,0,0,0,0,0,0,0,0,0,1,816,2,1,0,1911,55,44,0.2,15,70,0.625,28,8.2,1700,51,40.8,0,0,2.5,2,40,40,100,100,0
19911104,375,23,35880,1,0,1,0,0,1,1,0,0,0,1,816,2,1,0,1910,40,38,0.2,16.5,85,0.625,30,4.3,1900,53.2,42.5,0,0,3,1,30,40,103.13,100,0
19911103,375,23,35880,1,0,1,0,0,1,1,0,0,0,1,816,2,0,0,1910,40,40,0.2,15.7,85,0.3125,27,4.3,2050,53.2,42.5,1,0,2.5,1.5,30,40,103.13,100,0
19911102,140,23,35880,1,0,1,0,0,1,1,0,0,0,1,816,2,0,0,1911,40,40,0.3,14.9,75,0.625,28,4.3,2000,53.2,42.5,4,0,2.5,1.5,30,40,117.86,100,0
19911203,376,0,25550,0,0,0,0,0,0,0,0,0,0,0,821,7,0,0,1911,40,47,0.2,14.5,85,0.75,25,10.5,1850,52.6,36.9,2,0,0,0,34,40,110,100,0
19910920,377,35,37068,1,0,0,0,0,1,1,0,0,0,0,821,2,0,0,1911,40,49,0.3,17,75,0.625,30,0,1600,58.8,41.2,0,0,2.5,0.65,33,40,109.6,100,0
19910822,378,30,35529,0,0,0,0,0,0,0,0,0,0,2,802,7,2,0,1911,47.5,58,0.217,13.1,70,0.75,55,10,1660,50,40,0,0,2.9,1,34,40,96.88,100,0
19920220,194,64,29442,0,0,0,0,0,0,2,0,0,0,1,816,2,0,0,1910,50,40,0.2,15.2,78,1,24,0,1850,58.8,41.2,0,0,2.9,1.1,40,40,103.13,100,0
19910724,379,10,35522,0,0,0,0,0,0,0,0,0,1,2,802,2,1,0,1911,40,65,0.2,15,80,0.625,50,10.4,1640,47.2,42.4,1,0,3,1.5,32,40,103.13,100,0
19910917,80,26,37575,1,0,0,0,0,1,1,0,0,0,0,824,2,0,0,1910,30,46,0.3,17,78,0.8125,30,0,1700,58.8,41.2,0,0,2.5,1.2,30,40,106.25,100,0
19920205,380,26,34272,0,0,0,0,0,1,1,0,0,0,0,824,9,0,0,1910,30,40,0.2,14,73,0.5625,30,0,1800,58.8,41.2,0,0,0,0,30,40,100,100,0
19910810,381,5,37001,0,0,0,0,0,0,0,0,0,0,2,802,7,1,0,1911,50,62,0.267,11.2,80,0.75,50,0,1570,58.8,41.2,0,0,3,1,38,40,103.23,100,0
19910817,265,30,35529,0,0,0,0,0,0,0,0,0,0,2,802,7,2,0,1910,45,63,0.267,15,80,0.75,50,0,1470,58.8,41.2,2,0,3,1,34,40,100,100,0
19910724,382,10,35522,0,0,0,0,0,0,0,0,0,1,2,802,7,1,0,1911,37.5,65,0.2,16,80,0.625,50,6.6,1640,54.9,38.5,3,0,3,1,32,40,103.13,100,0
19920208,383,3,34514,1,0,0,0,0,0,1,0,0,0,0,821,7,0,0,1910,40,39,0.2,15,83,0.625,30,0,2000,58.1,41.9,1,0,2.5,0.6,35,40,100,100,0
19920207,384,3,34514,1,0,0,0,0,0,1,0,0,0,0,821,7,0,0,1911,40,39,0.2,15,72,0.375,30,0,2000,58.1,41.9,1,0,2.5,0.3,35,40,109.9,100,0
19910730,121,0,25532,0,0,0,0,0,0,0,0,0,0,0,821,2,0,0,1910,40,59,0.25,15,80,0.75,40,13.3,1750,51,35.7,0,0,2.2,0.7,34,40,100,100,0
19920408,385,27,37998,1,0,0,0,0,0,1,0,0,0,1,815,2,0,0,1910,30,50,0.233,16.1,79,0.625,25,0,1400,50,35,0,0,2.5,1,34,40,106,100,0
19920402,386,8,23233,0,0,0,0,0,0,1,0,0,0,0,821,7,0,0,1911,40,40,0.3,14.5,72,0.625,34,0,1620,50,35,0,0,2.5,1.3,34,40,102,100,0
19920317,387,3,34518,1,0,0,0,0,0,1,0,0,1,0,821,7,0,0,1911,45,36,0.2,14,76,0.625,20,0,1700,50,35,0,0,2,0.9,34,40,100,100,0
19920402,388,65,34014,1,0,0,0,0,0,1,0,0,0,1,816,9,0,0,1910,40,40,0.3,15.5,75,0.75,25,0,1100,50,35,0,0,2.5,1,34,40,102.941,100,0
19920405,42,14,34227,1,0,0,0,0,1,1,0,0,0,0,824,9,0,0,1910,35,42,0.2,15,78,0.5625,40,0,1750,50,35,0,0,2.3,1,34,40,103,100,0
19920416,389,4,36423,1,0,0,0,0,1,1,0,0,0,1,815,2,0,0,1910,55,51,0.25,16.4,78,0.5,29,0,1800,50,35,0,0,1.5,1,34,40,100,100,0
19920326,390,4,34294,1,0,0,0,0,1,1,0,0,0,0,821,2,0,0,1910,35,48,0.267,16,72,0.75,20,0,1650,50,35,0,0,1.5,1.1,34,40,83.33,100,0
19920320,391,4,34293,1,0,0,0,0,1,1,0,0,0,1,816,2,0,0,1910,47.5,50,0.2,17,70,0.5,30,0,2000,50,35,0,0,2.2,0.7,34,40,103.225,100,0
19920515,377,23,34156,1,0,0,0,0,1,1,0,0,0,0,824,10,0,0,1911,40,52,0.2,13.5,85,0.75,30,0,1900,50,35,0,0,0,0,34,40,94.4,100,0
19920523,392,13,34453,1,0,0,0,0,0,1,0,0,0,0,827,2,2,0,1911,47.5,53,0.233,17,80,0.625,20,0,1850,50,35,0,0,2,1.5,34,40,105.7,100,0
19920529,393,13,34453,1,0,0,0,0,0,1,0,0,0,1,816,9,2,0,1910,50,56,0.3,15,80,0.1875,26,0,1950,50,35,0,0,2.5,1.5,34,40,102.857,100,0
19920530,394,66,34763,0,0,0,0,0,0,0,0,0,0,0,824,2,0,0,1911,55,56,0.3,21,80,0.875,35,0,1650,50,35,0,0,2.1,0.6,34,40,100,100,0
19920531,395,66,34763,0,0,0,0,0,0,0,0,0,0,0,824,2,0,0,1910,55,54,0.3,17.5,82,0.8125,28,0,1600,50,35,0,0,2.5,1,34,40,102.94,100,0
19920603,29,23,34157,1,0,0,0,0,0,0,0,0,0,0,824,2,0,0,1910,40,57,0.3,16,86,0.8125,30,0,1700,50,35,0,0,2.5,1,34,40,102.94,100,0
19920610,396,13,34465,1,0,0,0,0,1,1,0,0,0,1,816,1,2,0,1910,35,56,0.267,15.1,81,0.75,32,0,2000,50,35,0,0,2.5,1,34,40,102.94,100,0
19920705,397,3,34527,0,0,0,0,0,0,1,0,0,0,0,821,7,2,0,1910,50,66,0.3,14.8,80,0.625,30,0,1840,50,35,0,0,2.5,1,34,40,100,100,0
19920709,206,1,47304,0,0,0,0,0,0,0,0,0,0,1,815,9,1,0,1911,50,67,0.3,14.5,86,0.75,22,0,1300,50,35,0,0,2.5,2,34,40,102.77,100,0
19920808,398,67,36567,0,2,0,0,1,2,3,2,0,2,2,816,2,3,0,1910,55,62,0.333,14.5,84,0.75,23,0,1200,50,35,0,0,2.5,1,34,40,103.22,100,0
19920822,399,68,34533,0,2,0,0,1,3,4,2,0,3,0,821,2,4,0,1910,55,63,0.233,15.5,79,0.625,35,0,1760,50,35,0,0,2.4,1,34,40,106.25,100,0
19920826,400,69,34905,0,2,0,0,1,2,3,2,0,3,2,816,9,3,0,1910,55,67,0.3,15.1,80,0.75,28,0,1780,50,35,0,0,2.5,1,34,40,106.25,100,0
19920911,401,68,34534,0,2,0,0,1,3,4,2,0,3,0,821,7,5,0,1911,55,50,0.333,15.7,82,0.75,30,0,1850,50,35,0,0,2.5,1,34,40,103.22,100,0
19920915,402,68,34534,0,2,0,0,1,3,4,2,0,3,0,821,7,5,0,1911,55,60,0.3,15,82,0.5,22,0,1800,50,35,0,0,2.5,1,34,40,96.8,100,0
19920918,403,68,34534,0,2,0,0,1,3,4,2,0,3,0,821,7,5,0,1911,55,60,0.267,14.8,80,0.625,25,0,1850,50,35,0,0,2.5,1,34,40,96.9,100,0
19920920,404,68,34534,0,2,0,0,1,3,4,2,0,3,0,821,7,5,0,1911,55,56,0.3,14.1,82,0.625,40,0,1800,50,35,0,0,2.5,0.9,34,40,96.9,100,0
19920712,405,70,36568,0,2,0,0,1,3,4,2,0,0,2,816,2,3,0,1911,55,56,0.367,15.1,78,0.5,29,0,1320,50,35,0,0,2.5,1,34,40,96.9,100,0
19921001,406,71,36054,0,2,0,0,1,3,4,2,0,3,2,816,2,3,0,1911,55,47,0.2,15,85,0.5,24,0,1470,50,35,0,0,1.8,1.7,34,40,96.9,100,0
19921004,407,72,24780,0,2,0,0,1,3,4,2,0,3,0,821,7,4,0,1911,55,55,0.367,15.5,76,0.75,30,0,1750,50,35,0,0,2.5,1.2,34,40,96.9,100,0
19921125,408,67,36569,0,2,0,0,1,3,5,2,0,3,2,816,2,3,0,1910,55,53,0.3,14.2,72,1,28,0,1600,50,35,0,0,2.7,1.5,34,40,106.1,100,0
19921129,409,67,36569,0,2,0,0,1,3,5,2,0,3,2,816,2,3,0,1910,55,39,0.3,15.1,71,0.625,30,0,1700,50,35,0,0,2.5,1.5,34,40,106.1,100,0
19930113,410,73,47401,0,2,0,0,1,2,3,2,0,3,2,816,2,3,0,1911,55,46,0.3,17,80,0.25,25,0,1700,50,35,0,0,2.5,1.5,34,30,117.7,95,0
19930205,411,74,35502,0,2,0,0,1,3,4,0,0,3,2,815,2,5,0,1910,55,35,0.3,16.2,88,0.5,28,0,1750,50,35,0,0,2.3,1,34,40,106,100,0
19930217,412,75,35986,0,2,0,0,1,2,3,0,0,3,1,802,7,5,0,1910,55,40,0.333,14.5,70,0.75,60,0,1250,50,35,0,0,2,1.5,34,40,112.5,100,0
19930219,413,76,37046,0,2,0,0,1,2,3,0,0,3,1,802,7,3,0,1911,55,39,0.3,16,72,0.75,50,0,1350,50,35,0,0,2.5,2.2,34,40,106.6,95,0
19930227,414,71,35831,0,2,0,0,1,3,5,0,0,3,2,815,2,3,0,1911,55,40,0.3,16.5,84,0.625,26,0,1565,50,35,0,0,2.5,1,34,40,106.6,95,0
19930309,415,68,85725,0,2,0,0,1,3,4,0,0,3,0,821,7,4,0,1910,55,44,0.2,16.22,74,0.75,30,0,2200,50,35,0,0,2.8,0.8,34,40,106.6,95,0
19930407,416,77,35661,0,2,0,0,1,4,4,0,0,3,2,816,2,4,0,1910,55,47,0.233,16.5,86,0.25,20,0,1750,50,35,0,0,2.1,2.1,34,40,109.6,95,0
19930514,417,73,47403,0,2,0,0,1,2,3,0,0,3,2,816,2,3,0,1911,55,52,0.2,16,75,0.3125,25,0,1500,50,35,0,0,2.5,0.6,34,40,109.1,100,0
19930624,418,68,85741,0,2,0,0,1,4,4,0,0,0,2,816,2,4,0,1911,55,46,0.3,15,80,0.5,30,0,2020,50,35,0,0,2.9,0.5,34,40,110.3,100,0
19930906,419,68,85750,0,2,0,0,1,3,4,0,0,3,0,827,2,4,0,1911,55,54,0.3,16.5,88,0.75,25,0,1850,50,35,0,0,3,2,34,40,107.14,95,0
19930908,420,73,47405,0,2,0,0,1,2,3,0,0,3,2,815,2,3,0,1911,55,56,0.3,14,91,1.125,27,0,1650,50,35,0,0,3,1.5,34,40,100,95,0
19930915,421,77,37191,0,2,0,0,1,2,3,0,0,3,2,815,2,3,0,1911,55,50,0.2,16.5,74,0.625,34,0,1750,50,35,0,0,2.6,1,34,40,103.125,95,0
19930916,421,67,35069,0,2,0,0,1,2,3,0,0,3,2,816,9,3,0,1911,55,56,0.2,17,75,0.75,25,0,1600,50,35,0,0,2,1,34,40,103.125,95,0
19930928,422,77,37191,0,2,0,0,1,2,3,0,0,3,2,815,9,3,0,1910,55,55,0.2,17,95,0.625,27,0,1600,50,35,0,0,2.5,1,34,40,106.25,100,0
19931008,423,78,35425,0,2,0,0,1,3,4,0,0,3,0,821,7,4,0,1911,55,54,0.267,15.5,80,0.75,40,0,2000,50,35,0,0,1.8,1.3,34,40,107.14,100,0
19940904,424,79,71331,0,2,0,0,1,3,4,0,0,0,0,824,2,4,0,1911,55,54,0.2,15.5,78,0.8125,30,0,2100,50,35,0,0,1.2,1,34,40,97.05,100,0
19941004,425,68,85813,0,2,0,0,1,3,3,0,0,3,0,828,2,4,0,1910,55,53,0.2,17,73,0.75,35,0,2100,50,35,0,0,2.6,1.3,34,40,113.3,100,0
19941001,426,80,38240,0,2,0,0,1,4,4,0,0,2,0,828,2,4,0,1911,55,46,0.2,16,83,0.75,28,0,2400,50,35,0,0,2.5,1,34,40,112.5,100,0
19940927,427,80,38240,0,2,0,0,1,4,4,0,0,3,0,828,9,4,0,1911,55,60,0.2,14.9,76,1,30,0,2500,50,35,0,0,0.5,0.5,34,40,112.5,100,0
19941007,428,68,85813,0,2,0,0,1,3,4,0,0,0,0,827,2,4,0,1910,55,56,0.3,18.3,80,1,32,0,1900,50,35,0,0,2.5,1,34,40,110,100,0
19941005,429,68,85813,0,2,0,0,1,3,4,0,0,0,0,827,9,4,0,1910,55,52,0.2,18,82,1,25,0,1880,50,35,0,0,1,1,34,40,112.5,100,0
19941009,430,81,38064,0,2,0,0,1,3,3,0,0,3,2,815,1,4,0,1910,55,46,0.2,16.1,76,0.5,34,0,2100,50,35,0,0,0,0,34,40,110,100,0
19941009,401,68,85814,0,2,0,0,1,3,3,0,0,0,0,827,2,4,0,1910,55,46,0.3,16.5,70,1,34,0,1903,50,35,0,0,2.7,2.8,34,40,108,100,0
19941010,431,68,85814,0,2,0,0,1,3,4,0,0,0,0,828,2,4,0,1910,55,46,0.267,16.4,76,1,34,0,1903,50,35,0,0,1.5,2.3,34,40,108,100,0
19941010,432,81,38064,0,2,0,0,1,3,4,0,0,3,2,815,1,4,0,1910,55,46,0.2,14.2,75,0.75,25,0,2050,50,35,0,0,2.5,1,34,40,108.1,100,0
